"date","BC","AB","SK","MB","ON","QC","NB","NS","PE","NL","YT","NT","NU"
2021-01-01,0.00332752204697146,0.00318655365631529,0.00291176460681915,0.00254027920781828,0.00193392156808924,0.0032985115393023,0.00365851047618568,0.00259615057673345,0.0115783606911059,0.00342068045670396,0,4.39135780783418e-05,0
2021-01-02,0.00332752204697146,0.00318655365631529,0.0031340624252692,0.00254387428170424,0.00222206496924049,0.00330671478002143,0.00365851047618568,0.00259615057673345,0.0115783606911059,0.00342068045670396,0,4.39135780783418e-05,0
2021-01-03,0.00332752204697146,0.00318655365631529,0.00325531578078741,0.00254962639992177,0.00251395744810189,0.00338712964678925,0.00365851047618568,0.00259615057673345,0.0115783606911059,0.00342068045670396,0,4.39135780783418e-05,0
2021-01-04,0.00489227456180658,0.00511427991694916,0.00337909524787891,0.00255178344425335,0.00283985941761961,0.00357303125688899,0.00365851047618568,0.00272015776915061,0.0115783606911059,0.00342068045670396,0,4.39135780783418e-05,0
2021-01-05,0.00536071213152587,0.00587669039579797,0.00358202621093368,0.00318092137429608,0.00334939924711825,0.00390508919811127,0.00365851047618568,0.00272015776915061,0.0125971605448781,0.00342068045670396,0.00115066853842082,0.00285438257509222,0
2021-01-06,0.00639754595724125,0.00671874234485517,0.00380937625253032,0.00381509240777916,0.00401352158434417,0.00461287867199007,0.00516977125808682,0.00272015776915061,0.0125971605448781,0.00342068045670396,0.00115066853842082,0.00285438257509222,0.000731031005797832
2021-01-07,0.00780361880850006,0.00757578299757519,0.00406872370738871,0.00445717260381135,0.00478971456597697,0.00587975943938822,0.00632084822030152,0.00272015776915061,0.0125971605448781,0.00342068045670396,0.0071341449382091,0.00285438257509222,0.000731031005797832
2021-01-08,0.00879085336212752,0.00843081024234049,0.00506485370445842,0.00511003802150142,0.00572644841098354,0.0074936026276251,0.00632084822030152,0.00272015776915061,0.0215745851387066,0.00342068045670396,0.0071341449382091,0.00355699982434569,0.000731031005797832
2021-01-09,0.00879085336212752,0.00947039988295388,0.00586394699881104,0.00576649851307744,0.00671640576991093,0.00907313085116363,0.00632084822030152,0.00272015776915061,0.0215745851387066,0.00342068045670396,0.0071341449382091,0.00355699982434569,0.000731031005797832
2021-01-10,0.00879085336212752,0.0100656975015621,0.00667651288822125,0.00643662028542011,0.00738461192392827,0.0101075479519859,0.00632084822030152,0.00272015776915061,0.0215745851387066,0.00342068045670396,0.0071341449382091,0.00355699982434569,0.000731031005797832
2021-01-11,0.0113835080329917,0.0104677079565184,0.00753454878595078,0.00710098993954524,0.00797770262811017,0.0109415055788969,0.00973755697138302,0.00272015776915061,0.0215745851387066,0.00720546695641842,0.0113916185303661,0.00355699982434569,0.000731031005797832
2021-01-12,0.0118380730093684,0.0117041641527031,0.00831932744805472,0.00777326875621948,0.00873869845545363,0.011816363870802,0.00973755697138302,0.00383122221088823,0.0184103126516963,0.00720546695641842,0.0113916185303661,0.0112418759880555,0.000731031005797832
2021-01-13,0.0120539533660422,0.013007510235383,0.00753707489752407,0.0083261911198799,0.00939913866278566,0.0127657445607892,0.00739258399146641,0.00275515979926836,0.0184103126516963,0.00727445546983094,0.0157641589763653,0.0112418759880555,0.0100831862868666
2021-01-14,0.013254217743465,0.0149781891990507,0.00861656657651255,0.00889493180863853,0.0102011065536757,0.0138513452621548,0.00739258399146641,0.00275515979926836,0.0236601283687816,0.00727445546983094,0.0157641589763653,0.0112418759880555,0.0131333501386438
2021-01-15,0.014426356863152,0.0165792959470322,0.010327586148825,0.0100302561418242,0.0111188941666828,0.0152568723515664,0.00739258399146641,0.00540031321816665,0.0236601283687816,0.00727445546983094,0.0272478309898051,0.0112418759880555,0.0247794302999748
2021-01-16,0.014426356863152,0.0182461740215341,0.0127779143749221,0.0111023071746171,0.0120119780354927,0.0165862595024723,0.00739258399146641,0.00540031321816665,0.0236601283687816,0.00727445546983094,0.0272478309898051,0.0112418759880555,0.0247794302999748
2021-01-17,0.014426356863152,0.0192246902875214,0.015499378576553,0.0119780671732365,0.0126692047476446,0.0175909831826633,0.00739258399146641,0.00540031321816665,0.0236601283687816,0.00727445546983094,0.0272478309898051,0.0112418759880555,0.0247794302999748
2021-01-18,0.0165988429877081,0.0200924691159998,0.0175699480294646,0.0128466370240841,0.0133167240264398,0.0184239009621593,0.00991009257731673,0.00540031321816665,0.0236601283687816,0.00727445546983094,0.030999010425057,0.0415642016511505,0.0539702546004537
2021-01-19,0.0175533914309941,0.0206519728154132,0.0192178148124446,0.0146377028340686,0.0141480150608485,0.0196811920256181,0.00991009257731673,0.00630536571121125,0.0269862102443322,0.00727445546983094,0.030999010425057,0.0415642016511505,0.0641542727501891
2021-01-20,0.0184796245810192,0.0196801679092749,0.020748638425862,0.0159707562309821,0.0148448079324057,0.0209193036811985,0.00991009257731673,0.00666838676643245,0.0269862102443322,0.0135179159336637,0.0596046302901986,0.0415642016511505,0.0641542727501891
2021-01-21,0.0196156569509104,0.0199627161589187,0.0228941491887814,0.0169673107121698,0.0156459724495008,0.022313392449044,0.00991009257731673,0.00713141362199008,0.0283226359348687,0.0135179159336637,0.072722251628196,0.0415642016511505,0.0850768842954374
2021-01-22,0.0205930096572253,0.020248843800482,0.0234591561440086,0.018224867557478,0.0160901712103368,0.0239838495521031,0.00991009257731673,0.00787045648647621,0.0283226359348687,0.0135179159336637,0.0858398729661934,0.0415642016511505,0.0963448449710108
2021-01-23,0.0205930096572253,0.0204774774593387,0.024392975388937,0.0196046569149089,0.016548964595116,0.0253933049539717,0.00991009257731673,0.00787045648647621,0.0283226359348687,0.0135179159336637,0.0858398729661934,0.0415642016511505,0.0963448449710108
2021-01-24,0.0205930096572253,0.0205311683381308,0.0248190462076329,0.0201072482441659,0.0166788433586461,0.0263906341636553,0.00991009257731673,0.00787045648647621,0.0283226359348687,0.0135179159336637,0.0858398729661934,0.0415642016511505,0.0963448449710108
2021-01-25,0.0221689742680497,0.0200394493731925,0.0249579823441642,0.020494078194295,0.0167692229105871,0.0266392732344662,0.0143796463397894,0.00837548577817513,0.0283226359348687,0.0135179159336637,0.0909488412767818,0.0415642016511505,0.112377111167129
2021-01-26,0.0224724610018597,0.0200535432288755,0.0255701433820929,0.0214611530696179,0.0170163942481918,0.0271809181991322,0.0143796463397894,0.00891451704198843,0.0313131131527061,0.0135179159336637,0.101189791268727,0.207952748989988,0.119057222082178
2021-01-27,0.0228432203116051,0.0200806123802665,0.0256274019110876,0.0223714257775426,0.0172122835585469,0.0276781963407538,0.0143796463397894,0.0095775554982189,0.0313131131527061,0.0159880879833508,0.118979126872713,0.207952748989988,0.124275270985631
2021-01-28,0.0233876720914208,0.0201009701718086,0.0255322517084935,0.0231350194709202,0.0175372482586371,0.0281356136647966,0.0143796463397894,0.0107956261463165,0.0316307389894704,0.0159880879833508,0.137297770004373,0.207952748989988,0.131686412906478
2021-01-29,0.023750449909106,0.0201284867471896,0.025698975072331,0.0238964561199662,0.0177931228123546,0.0285424250813045,0.0143796463397894,0.0118756887899498,0.0316307389894704,0.0159880879833508,0.149494856511633,0.207952748989988,0.134005545752458
2021-01-30,0.023750449909106,0.0201573455945404,0.0257680221220011,0.0244299650846424,0.0180117074324194,0.0288224906517717,0.0143796463397894,0.0118756887899498,0.0316307389894704,0.0159880879833508,0.149494856511633,0.207952748989988,0.134005545752458
2021-01-31,0.023750449909106,0.0201645043783793,0.0258690665849329,0.0244824531633774,0.0181291339021264,0.0288962042796422,0.0143796463397894,0.0118756887899498,0.0316307389894704,0.0159880879833508,0.149494856511633,0.207952748989988,0.134005545752458
2021-02-01,0.0255409646279275,0.0201649518023692,0.0257974934236895,0.024503304591916,0.0181834955289236,0.0289930256278483,0.0161415245346891,0.0121777063069658,0.0316307389894704,0.0159880879833508,0.169332382114008,0.207952748989988,0.137736324678598
2021-02-02,0.0257222585190075,0.0201893364098207,0.0258438054692,0.0246586117837894,0.0182471629021798,0.0290542610867376,0.0161415245346891,0.0122117082790802,0.0316906683926335,0.0159880879833508,0.192575886590109,0.268773054628491,0.138795059238719
2021-02-03,0.0257933318054477,0.0202170766971966,0.0260021084611265,0.0247750921776944,0.0182993152510406,0.0291514290507487,0.0161415245346891,0.0123807180816487,0.0317625836764292,0.0177683748989127,0.209214553655674,0.268773054628491,0.139122762793043
2021-02-04,0.0261241836548924,0.0202669644720744,0.0260021084611265,0.0249785733596397,0.0183489235828838,0.0295122561037888,0.0161415245346891,0.0124027193577227,0.0317625836764292,0.0177683748989127,0.228545785101144,0.268773054628491,0.140357953113184
2021-02-05,0.026452565042509,0.0203126017190477,0.0270378142061779,0.0250749213397834,0.018405159748536,0.0301166385291659,0.0161415245346891,0.012614731654436,0.0317625836764292,0.0177683748989127,0.242077647112973,0.268773054628491,0.142399798336274
2021-02-06,0.026452565042509,0.0203971648531454,0.0278689049137922,0.0251532939504973,0.0184838234326328,0.0307176703350943,0.0161415245346891,0.012614731654436,0.0317625836764292,0.0177683748989127,0.242077647112973,0.268773054628491,0.142399798336274
2021-02-07,0.026452565042509,0.0204329587723402,0.028746307666917,0.0252395757237603,0.0185740021411251,0.0311098083491891,0.0161415245346891,0.012614731654436,0.0317625836764292,0.0177683748989127,0.242077647112973,0.268773054628491,0.142399798336274
2021-02-08,0.0270582082614524,0.0204396701321892,0.0291395390351601,0.0252683363148479,0.0187459241332618,0.0313964596199519,0.0167447694634646,0.0130857589740205,0.0317625836764292,0.0177683748989127,0.254504867327917,0.268773054628491,0.147517015376859
2021-02-09,0.0271338424004984,0.0204998486588354,0.029846850275683,0.0254502470534774,0.0189531945723799,0.031815402589636,0.0167447694634646,0.0131847647163535,0.0318285060199086,0.0177683748989127,0.25853220721239,0.28177147373968,0.149710108394253
2021-02-10,0.0272664871971166,0.0206828450707187,0.0300632538337953,0.0255494710927299,0.019173452887851,0.0322567600480456,0.0167447694634646,0.0141138186014789,0.0318285060199086,0.01811523381357,0.24401077025752,0.28177147373968,0.154423997983363
2021-02-11,0.0274036928463407,0.0208976085858874,0.0302249249744863,0.0256868029151735,0.0194046906451875,0.0329513781213331,0.0167447694634646,0.0147608561296555,0.0320742165728772,0.0188223660760483,0.244033783628288,0.28177147373968,0.155911267960676
2021-02-12,0.0276349660805591,0.0211360855725226,0.0302922879497742,0.0259010693187766,0.0194924592322947,0.0341038756730701,0.0167447694634646,0.0148458610599415,0.0320742165728772,0.0188223660760483,0.244056796999056,0.28177147373968,0.156415427275019
2021-02-13,0.0276349660805591,0.0212410064981623,0.030444696681363,0.0259780038999362,0.0195916089481648,0.035309174365774,0.0167447694634646,0.0148458610599415,0.0320742165728772,0.0188223660760483,0.244056796999056,0.28177147373968,0.156415427275019
2021-02-14,0.0276349660805591,0.0212495075539711,0.0304969029872111,0.0260772279391886,0.0196145720491394,0.0355141398451505,0.0167447694634646,0.0148458610599415,0.0320742165728772,0.0188223660760483,0.244056796999056,0.28177147373968,0.156415427275019
2021-02-15,0.0276349660805591,0.0212508498259409,0.0306349970865513,0.0260858561165149,0.019628229403655,0.0356340689136922,0.0167447694634646,0.0148458610599415,0.0320742165728772,0.0188223660760483,0.244056796999056,0.28177147373968,0.163851777161583
2021-02-16,0.0282850776124089,0.0212781426893269,0.0305196379913708,0.0261081455746078,0.0196453680446156,0.0359987087405876,0.0172245947617183,0.014915865120177,0.0342196892061152,0.0188223660760483,0.244056796999056,0.298129281573863,0.167506932190572
2021-02-17,0.0285024782532847,0.0213559944635755,0.0305768965203655,0.0262030555251972,0.0196905578205861,0.0362420330357213,0.0172245947617183,0.0152198827531997,0.0342196892061152,0.0188223660760483,0.244056796999056,0.298129281573863,0.171514998739602
2021-02-18,0.0286457650393164,0.02166829640855,0.0306375231981246,0.0263109077417759,0.01982090521883,0.0365698160486815,0.0172245947617183,0.015250884551304,0.0342316750867478,0.0198265322157194,0.244563091155962,0.298129281573863,0.172674565162591
2021-02-19,0.0296491526125894,0.0221260111502533,0.0316218646745189,0.0263633958205109,0.0201592594821707,0.0379669088201706,0.0172245947617183,0.015250884551304,0.0342316750867478,0.0198265322157194,0.244563091155962,0.298129281573863,0.174313082934207
2021-02-20,0.0296491526125894,0.0227392057284588,0.033748008582043,0.026558967839907,0.0208192980026052,0.0401212415870567,0.0172245947617183,0.015250884551304,0.0342316750867478,0.0198265322157194,0.244563091155962,0.298129281573863,0.174313082934207
2021-02-21,0.0296491526125894,0.0230611272892169,0.03530914553434,0.0271377747355464,0.0214642063165666,0.0418598664651057,0.0172245947617183,0.015250884551304,0.0342316750867478,0.0198265322157194,0.244563091155962,0.298129281573863,0.174313082934207
2021-02-22,0.0311029243806837,0.0233056444997162,0.0356804839356145,0.0277661936508119,0.0220115047144317,0.0429395746977857,0.0192446466735261,0.0159889273577868,0.0342316750867478,0.0198265322157194,0.245138425425172,0.298129281573863,0.175875976808672
2021-02-23,0.03144289793534,0.0239454608053229,0.0358261563696745,0.0289683863582764,0.0226728821911913,0.0443460260960107,0.0192446466735261,0.0164349532272872,0.0387563450255599,0.0198265322157194,0.24589786666053,0.318812576848762,0.176733047643055
2021-02-24,0.0319767077257423,0.0244333766663468,0.0362084412544333,0.0300548176866131,0.0235159560412605,0.0456125602476038,0.0192446466735261,0.0175800196411392,0.0387563450255599,0.0198265322157194,0.248107150254298,0.318812576848762,0.17829594151752
2021-02-25,0.0326245388312891,0.0257161412454897,0.0371801521729612,0.0310513721678008,0.0245371110825616,0.0467821575123892,0.0192446466735261,0.0189831010198592,0.0420165045576311,0.0245656598176404,0.250040273398845,0.318812576848762,0.182934207209478
2021-02-26,0.033933693564675,0.0278098618063894,0.0395471187171395,0.032282325466353,0.0258251870672619,0.0484662481704462,0.0192446466735261,0.0199151550789946,0.0420165045576311,0.0245656598176404,0.250040273398845,0.318812576848762,0.183413158558104
2021-02-27,0.033933693564675,0.0298105181773826,0.0428681133988326,0.0338936375820396,0.027256598326559,0.0505144009623903,0.0192446466735261,0.0199151550789946,0.0420165045576311,0.0245656598176404,0.250040273398845,0.318812576848762,0.183413158558104
2021-02-28,0.033933693564675,0.031315876191518,0.0436242627964392,0.034844175117487,0.0284640691404911,0.0520462117434359,0.0192446466735261,0.0199151550789946,0.0420165045576311,0.0245656598176404,0.250040273398845,0.318812576848762,0.183413158558104
2021-03-01,0.0364685774358659,0.0329668707143773,0.0442330556856035,0.0357544478254117,0.02955618886702,0.0528465476372587,0.0192446466735261,0.0200121607053209,0.0420165045576311,0.0245656598176404,0.257036338112443,0.318812576848762,0.183413158558104
2021-03-02,0.0373695358610339,0.0350142828923187,0.0448115352358883,0.0369724588579744,0.030938259585739,0.0550278008983357,0.0272014346902356,0.0205811937092351,0.0442099207133996,0.0245656598176404,0.264722803949094,0.334116458809064,0.203327451474666
2021-03-03,0.0386138884803125,0.0371784727316331,0.0456342055715917,0.0383421820085246,0.0326510525167458,0.0571323365278986,0.0272014346902356,0.0217802632552688,0.0442099207133996,0.0312939562229555,0.271580788438083,0.334116458809064,0.208696748172422
2021-03-04,0.0403074850812611,0.0394728629520185,0.0473881690406502,0.0398628982622851,0.0345926061358879,0.0593250281105418,0.0272014346902356,0.0233723555966246,0.0479914660529896,0.0312939562229555,0.284077048765333,0.334116458809064,0.217494328207714
2021-03-05,0.0426331398391615,0.0414388439637918,0.0496246198202082,0.0416647492939275,0.0369318297835704,0.0616277124419823,0.0272014346902356,0.024282408379686,0.0479914660529896,0.0312939562229555,0.305410443467655,0.334116458809064,0.2209982354424
2021-03-06,0.0426331398391615,0.0429191462344909,0.0525852225841111,0.0433184832814684,0.0394849517041801,0.0640323018201027,0.0272014346902356,0.024282408379686,0.0479914660529896,0.0312939562229555,0.305410443467655,0.334116458809064,0.2209982354424
2021-03-07,0.0426331398391615,0.0446202522442228,0.0537834415070445,0.0443517075162929,0.0414271078536684,0.0658921266913118,0.0272014346902356,0.024282408379686,0.0479914660529896,0.0312939562229555,0.305410443467655,0.334116458809064,0.2209982354424
2021-03-08,0.0468251334904547,0.0462334394399325,0.0545252762724024,0.0452440048547878,0.042766934500332,0.0677351984652776,0.0331608397068658,0.0250124507221419,0.0479914660529896,0.0312939562229555,0.340620900743332,0.374516950641138,0.231963700529367
2021-03-09,0.0487332801994005,0.0475801856496361,0.0551424895334777,0.0466180420940011,0.044676955698019,0.0697214225667224,0.0331608397068658,0.0256904900484228,0.0519887572439666,0.0312939562229555,0.358364209605781,0.374516950641138,0.237610284850013
2021-03-10,0.0510017342642034,0.0487027724403824,0.0558548529971472,0.0482523626825579,0.0468362236156146,0.0719005961329692,0.0331608397068658,0.0274715933524144,0.0519887572439666,0.0312939562229555,0.376659839366672,0.374516950641138,0.24555079405092
2021-03-11,0.0531685193230022,0.0506054429575799,0.0570665445151382,0.0499039396257672,0.0493869354148391,0.0741594913343738,0.0331608397068658,0.0297677265281386,0.0582034363519774,0.0468566150402625,0.394011920926058,0.374516950641138,0.252911520040333
2021-03-12,0.0558170444382873,0.0541179449905627,0.0587741959386862,0.0512736627763174,0.0522301422232714,0.0776818011451262,0.0331608397068658,0.031237811793084,0.0582034363519774,0.0468566150402625,0.412698777990012,0.374516950641138,0.255583564406352
2021-03-13,0.0558170444382873,0.0569604295986182,0.059924418741727,0.0530064883893494,0.0556878630370864,0.0817134051120748,0.0331608397068658,0.031237811793084,0.0601990854773077,0.0468566150402625,0.412698777990012,0.374516950641138,0.255583564406352
2021-03-14,0.0558170444382873,0.0596069424990822,0.0617870050084372,0.0540914816881317,0.0584280371563058,0.0857104630371216,0.0331608397068658,0.031237811793084,0.0601990854773077,0.0468566150402625,0.412698777990012,0.374516950641138,0.255583564406352
2021-03-15,0.0611998006907411,0.0618633016803232,0.0634786577253544,0.0546415279926833,0.0605389018027507,0.0890461780061642,0.049316217465389,0.0319658540195331,0.0601990854773077,0.0468566150402625,0.447725128299542,0.432219392236079,0.259112679606756
2021-03-16,0.0641269178860296,0.0644321865185335,0.0669082752046992,0.0563204274974259,0.0638825435376712,0.0926516756101247,0.049316217465389,0.0334959427646803,0.0623026075283316,0.0468566150402625,0.460865763008308,0.432219392236079,0.272094781951097
2021-03-17,0.067851614180755,0.068324104094981,0.070029707072102,0.0589426743898441,0.06766248419111,0.0962236670195986,0.0520478213286753,0.0345320028561657,0.0623026075283316,0.0468566150402625,0.474190504683221,0.432219392236079,0.282631711620872
2021-03-18,0.0719216050248433,0.0729938682779299,0.0740916944819619,0.061650484040748,0.071445638339729,0.0995045011528442,0.0536887986610229,0.0361950993157603,0.066911178631572,0.0702188085683734,0.474190504683221,0.432219392236079,0.288328711872952
2021-03-19,0.0765620825157055,0.0774343276660374,0.079537991033988,0.0649011498484317,0.0753731989280048,0.104250595832569,0.0547466812083537,0.0379882033157923,0.066911178631572,0.0702188085683734,0.500586840954595,0.432219392236079,0.292009074867658
2021-03-20,0.0765620825157055,0.080481508749488,0.0864485902613347,0.0677743328980897,0.0792493435933986,0.109221182015354,0.0573296777614198,0.0379882033157923,0.066911178631572,0.0702188085683734,0.500586840954595,0.432219392236079,0.292009074867658
2021-03-21,0.0765620825157055,0.082017291594939,0.0914932350732067,0.0695502993977532,0.0818876231362816,0.112605538735703,0.0615675048706676,0.0379882033157923,0.066911178631572,0.0702188085683734,0.500586840954595,0.432219392236079,0.292009074867658
2021-03-22,0.0859429961837066,0.0881601992647482,0.0950668409122294,0.0705626722040391,0.0839353559920003,0.11511734793618,0.0641958392471906,0.0405593524424417,0.066911178631572,0.0702188085683734,0.518030975997054,0.485552432812225,0.298991681371313
2021-03-23,0.0893813089418936,0.0902899374568376,0.0991448270287202,0.0739255043169647,0.0872099745283643,0.118290153476857,0.0656516871337554,0.0457106512177706,0.0779681535151591,0.0702188085683734,0.524589786666053,0.485552432812225,0.306075119737837
2021-03-24,0.0941538611227983,0.0935872285506617,0.101028464225208,0.077538553572353,0.091951888353537,0.122214075467042,0.0682346836868214,0.0500879050984957,0.0779681535151591,0.0875847504723797,0.527328377787495,0.485552432812225,0.31343584572725
2021-03-25,0.099475806007175,0.097946480484596,0.103987382914729,0.0807611778037262,0.0971553404239551,0.127056182724761,0.0727332032809472,0.0545171619953957,0.084614324325944,0.0875847504723797,0.530089982279704,0.485552432812225,0.320670531888077
2021-03-26,0.104637931014824,0.103761202657788,0.107529833377681,0.0838148335624594,0.102578716070763,0.133595205425323,0.080286988422483,0.0594894503881225,0.084614324325944,0.0875847504723797,0.532368305985778,0.485552432812225,0.324779430299975
2021-03-27,0.104637931014824,0.107777951527427,0.11031950259179,0.088456792964009,0.107654163916506,0.139975131471375,0.0867060685936081,0.0594894503881225,0.084614324325944,0.0875847504723797,0.532368305985778,0.485552432812225,0.324779430299975
2021-03-28,0.104637931014824,0.111470318004364,0.115034910861943,0.0923646382780459,0.111936547930921,0.145362234313209,0.0945117305321275,0.0594894503881225,0.084614324325944,0.0875847504723797,0.532368305985778,0.485552432812225,0.324779430299975
2021-03-29,0.116264304449074,0.114258888021632,0.120053452520891,0.0958187852676748,0.11518284754101,0.149921271996817,0.0981803160801925,0.0648537615181681,0.084614324325944,0.0875847504723797,0.539824638114745,0.520858949587212,0.331308293420721
2021-03-30,0.121028685102393,0.116471399651859,0.123940296195002,0.101264603190125,0.119735566837453,0.155062739771483,0.0996815017902143,0.0692750179510412,0.0917279444814009,0.0875847504723797,0.544818539571491,0.520858949587212,0.331988908495085
2021-03-31,0.127082266758948,0.119394868002093,0.131028565269671,0.106881546629546,0.12562309169434,0.160112469896417,0.10456665226771,0.0742373057637343,0.0917279444814009,0.115358376163702,0.547672197546775,0.520858949587212,0.333324930678094
2021-04-01,0.133073326727698,0.122836677044666,0.136978400061974,0.112727136768115,0.131123859016736,0.165028406320609,0.111541120776184,0.0780755283806461,0.107519342214871,0.115358376163702,0.549513267208248,0.520858949587212,0.334560120998235
2021-04-02,0.133073326727698,0.122836677044666,0.143451139949949,0.11846343666055,0.136851110801515,0.170809380255562,0.124296161775429,0.0818777489094367,0.107519342214871,0.115358376163702,0.549513267208248,0.520858949587212,0.334560120998235
2021-04-03,0.146203071202131,0.122836677044666,0.147463447165534,0.122261272713677,0.140764076765847,0.176335360496613,0.131775643261855,0.0818777489094367,0.107519342214871,0.115358376163702,0.549513267208248,0.520858949587212,0.334560120998235
2021-04-04,0.146203071202131,0.122836677044666,0.147463447165534,0.126461038027254,0.145391844564309,0.181166144971367,0.136541152260783,0.0818777489094367,0.107519342214871,0.115358376163702,0.549513267208248,0.520858949587212,0.334560120998235
2021-04-05,0.153191057536296,0.132277323232289,0.153574953098528,0.129579405115934,0.148854653412159,0.183813365413011,0.138498234973345,0.0839438687443872,0.107519342214871,0.115358376163702,0.549513267208248,0.520858949587212,0.334560120998235
2021-04-06,0.156699873474347,0.136717335196407,0.158566549567361,0.133118395849272,0.153892342689536,0.188521101276979,0.140880989472809,0.0867640323138742,0.118857985293324,0.150898958656717,0.551262283386648,0.529224486211136,0.338442147718679
2021-04-07,0.163162981687797,0.139245057027543,0.164104628173217,0.138030704807045,0.160771029966043,0.193532703663359,0.146224555720815,0.0931023999391965,0.118857985293324,0.155053600242226,0.555933997652636,0.529224486211136,0.339803377867406
2021-04-08,0.170544911665787,0.142323781502284,0.172799504208502,0.144116445881196,0.167933509035645,0.198948460078409,0.152974853879973,0.0994147660564313,0.136015773418913,0.158167665083764,0.558649575403309,0.529224486211136,0.341164608016133
2021-04-09,0.178141771822825,0.148695099118955,0.182595764889744,0.151367709909174,0.174838774595205,0.206836742569366,0.1607465124509,0.107516235941685,0.136015773418913,0.175591097415614,0.56023749798633,0.529224486211136,0.343282077136375
2021-04-10,0.178141771822825,0.153040928333191,0.192235406653441,0.157687130785912,0.181694164031656,0.21534939566379,0.169446337018711,0.107516235941685,0.136015773418913,0.183927209452959,0.56023749798633,0.529224486211136,0.343282077136375
2021-04-11,0.178141771822825,0.153040928333191,0.20287286248859,0.162576431270816,0.187895272459871,0.222360162475003,0.171043235911586,0.107516235941685,0.136015773418913,0.192349557132071,0.56023749798633,0.529224486211136,0.343282077136375
2021-04-12,0.194664220529386,0.168973472902773,0.210043651207987,0.166835155796122,0.192879738223327,0.228784455344099,0.171898357637345,0.119010902632353,0.136015773418913,0.196814647027937,0.564863185510782,0.543342701563323,0.346155785228132
2021-04-13,0.201667219670045,0.175416154645838,0.216358088104035,0.172568579629449,0.199162723830818,0.235671364774314,0.183562772105652,0.126303325592884,0.157788125588057,0.202603933111804,0.568453271350655,0.543342701563323,0.347643055205445
2021-04-14,0.209611464767224,0.181231547955015,0.223524666637476,0.179105861983676,0.206585429062194,0.243696213892454,0.190034746404144,0.138276020009161,0.157788125588057,0.207208916382089,0.569857086967528,0.543342701563323,0.349810940257121
2021-04-15,0.218153941697861,0.188081161816926,0.230027719864331,0.186034288376695,0.21349076156957,0.251693102668988,0.198196814010395,0.150877750909553,0.180860945805841,0.215732830483724,0.571928290336686,0.543342701563323,0.351323418200151
2021-04-16,0.226925411436414,0.196765885173555,0.236654552558277,0.193208617823514,0.221068718786836,0.260477849170364,0.208256773281917,0.162546427692806,0.180860945805841,0.221928382257687,0.573516212919706,0.543342701563323,0.353793798840434
2021-04-17,0.226925411436414,0.201660479911446,0.245487522692902,0.200468510028818,0.228096030215424,0.268786345555623,0.217318041053399,0.162546427692806,0.180860945805841,0.230824067792713,0.573516212919706,0.543342701563323,0.353793798840434
2021-04-18,0.226925411436414,0.20728616544889,0.254509951195524,0.206079701350022,0.233820001557206,0.275475452899765,0.224898273258618,0.162546427692806,0.180860945805841,0.235310237512121,0.573516212919706,0.543342701563323,0.353793798840434
2021-04-19,0.245527608931214,0.208473405006182,0.260440419132432,0.209989703708391,0.238252080888762,0.2801121325237,0.2289245238584,0.17507715447496,0.180860945805841,0.242753331570294,0.576830138310358,0.557153521868962,0.35933955129821
2021-04-20,0.2520595100048,0.214126159695018,0.264818170488954,0.216327818969335,0.24419818508487,0.285607610573908,0.233676179633494,0.183151622794122,0.200397931237003,0.246725920134298,0.580305157296389,0.557153521868962,0.362818250567179
2021-04-21,0.260084710235731,0.221116488401763,0.271104820157697,0.225953269791601,0.253229177706083,0.291829364274263,0.240219938819126,0.197456452474244,0.200397931237003,0.251731420051895,0.582698547856304,0.557153521868962,0.367002772876229
2021-04-22,0.268321610041781,0.228827169732304,0.277191907012149,0.236923997261992,0.262130693250663,0.301659041889213,0.248011747533811,0.21396841016779,0.218802250948383,0.259038453430837,0.584723724483925,0.557153521868962,0.37161583060247
2021-04-23,0.276198202491974,0.2370465721394,0.285337774798837,0.246890261088646,0.270835114424195,0.311786809096493,0.257949546558796,0.226308125871301,0.218802250948383,0.270105360790762,0.585989459876188,0.557153521868962,0.37597680867154
2021-04-24,0.276198202491974,0.244778953533453,0.293749726337913,0.257656069347537,0.279078131248114,0.321290090161703,0.268758839301344,0.226308125871301,0.218802250948383,0.270105360790762,0.585989459876188,0.557153521868962,0.37597680867154
2021-04-25,0.276198202491974,0.252164357623311,0.300023745448789,0.265469602931279,0.285636138484771,0.328466077173316,0.275181697624424,0.226308125871301,0.218802250948383,0.282511795119446,0.585989459876188,0.557153521868962,0.37597680867154
2021-04-26,0.293858963994729,0.256127639326153,0.302980980063927,0.2695198131712,0.29022179610681,0.333162836870124,0.27753926444419,0.241272993833642,0.218802250948383,0.297624112251977,0.589372425379145,0.567736694185842,0.382228384169398
2021-04-27,0.300573679243598,0.2648559865218,0.307178535461554,0.276590604490103,0.296476194996762,0.338203901599932,0.282078084325833,0.248603418998302,0.237350401227354,0.299663106092836,0.592157043242124,0.567736694185842,0.386236450718427
2021-04-28,0.307037357563623,0.270391963549262,0.313298461766459,0.283019315612974,0.304079458488571,0.343520410356141,0.28670757985439,0.258228977280682,0.237350401227354,0.302066205976705,0.593468805375923,0.567736694185842,0.391429291656163
2021-04-29,0.31528394918146,0.276464178228662,0.318274059528661,0.290469027719458,0.31193444576949,0.350678604423095,0.291130536409421,0.268208556096254,0.255401137460072,0.307385986899848,0.595056727958944,0.567736694185842,0.3966221325939
2021-04-30,0.322324955427168,0.283314015802568,0.322986099650049,0.297493083077843,0.319265700283865,0.357134554869051,0.297060975594398,0.276128015424895,0.255401137460072,0.313803834994807,0.59613835638506,0.567736694185842,0.399697504411394
2021-05-01,0.322324955427168,0.290319333212976,0.329083290950795,0.304131746515654,0.326312024892269,0.363308591126913,0.303415827182292,0.276128015424895,0.255401137460072,0.321398320512968,0.59613835638506,0.567736694185842,0.399697504411394
2021-05-02,0.322324955427168,0.295423098666162,0.336126932054335,0.309177073207209,0.33133070098983,0.3683069065741,0.306758232278263,0.276128015424895,0.255401137460072,0.326986390099382,0.59613835638506,0.567736694185842,0.399697504411394
2021-05-03,0.339327243834963,0.299529108621793,0.34211634259462,0.312253737438812,0.334896006944363,0.372284554014065,0.308392912690686,0.284326490936474,0.255401137460072,0.329567710309567,0.598301613237291,0.578188125768488,0.40471388958911
2021-05-04,0.345469001975229,0.305354792682739,0.350044122748814,0.317263113391506,0.340699780083118,0.376921811331009,0.311919187848456,0.288547735768675,0.272415095018069,0.336393740442216,0.598301613237291,0.578188125768488,0.406957398537938
2021-05-05,0.351484766562261,0.310772649776858,0.358305349630683,0.323542269440722,0.349373873895888,0.382525202435184,0.316194796477251,0.297934280188251,0.272415095018069,0.34212170340305,0.60048788346029,0.578188125768488,0.408772372069574
2021-05-06,0.360996804742679,0.318690040990749,0.366699618388745,0.330686400266898,0.358584018873393,0.39064271351187,0.322594985888602,0.309954977388689,0.293702019021593,0.347728936465412,0.6032494879525,0.578188125768488,0.410158810184018
2021-05-07,0.369235414868456,0.331184132197682,0.375367549233915,0.338332403407555,0.368079160704685,0.401591035868266,0.332570566433135,0.319366523258349,0.293702019021593,0.347728936465412,0.607345867949279,0.578188125768488,0.411595664229897
2021-05-08,0.369235414868456,0.342737961889767,0.38604037063109,0.346717553739164,0.377091608780795,0.410917542872909,0.343275330304935,0.319366523258349,0.293702019021593,0.36585950105974,0.607345867949279,0.578188125768488,0.411595664229897
2021-05-09,0.369235414868456,0.351827827669281,0.397320300843048,0.353978164959246,0.385073796912594,0.419077572155012,0.350772443167149,0.319366523258349,0.293702019021593,0.374734106771223,0.607345867949279,0.578188125768488,0.411595664229897
2021-05-10,0.390151484918591,0.357517718549281,0.404905371860464,0.360626175589161,0.391302889528002,0.42607008386716,0.351130108218866,0.328409047724768,0.293702019021593,0.376037223135681,0.611764435136814,0.599639908659758,0.413889589110159
2021-05-11,0.400849534812038,0.364029751010787,0.407309388041051,0.369907937347928,0.398613591062788,0.432347411634922,0.355103464691281,0.337138554036134,0.315654159400227,0.383388332509304,0.611764435136814,0.599639908659758,0.415200403327452
2021-05-12,0.410861176388314,0.370151629753069,0.412828941828703,0.380687406887586,0.407672567871194,0.440140952472503,0.362210168518171,0.34955127397389,0.315654159400227,0.390919578556837,0.616252042436656,0.599639908659758,0.415200403327452
2021-05-13,0.421084897610759,0.37974350524929,0.419343783576233,0.390998078792515,0.416533446091309,0.449856131333191,0.373195775018607,0.364333131321617,0.337576335077279,0.402377420826099,0.616252042436656,0.599639908659758,0.415200403327452
2021-05-14,0.431073734924007,0.393997091296641,0.425760106972405,0.401069318776639,0.425493340131661,0.46142027443653,0.385367721232836,0.376761852187427,0.337576335077279,0.413143461613641,0.620877729961107,0.599639908659758,0.415200403327452
2021-05-15,0.431073734924007,0.406533240358628,0.440968982718029,0.410497759549954,0.435312911080513,0.471830071370505,0.39914664141182,0.376761852187427,0.337576335077279,0.426080724226083,0.620877729961107,0.599639908659758,0.417670783967734
2021-05-16,0.431073734924007,0.416458894151341,0.456672976332019,0.418700280128157,0.444210744495199,0.481892212652032,0.406297423678182,0.376761852187427,0.337576335077279,0.43265379647622,0.620877729961107,0.599639908659758,0.417670783967734
2021-05-17,0.455776452850096,0.422330886595244,0.46675216150947,0.425049899625537,0.451521847716882,0.490172055464075,0.408110936616463,0.391643715335489,0.337576335077279,0.436735616853127,0.624882056474812,0.622694537150887,0.421300731031006
2021-05-18,0.46275531747905,0.428043148674741,0.471133281014756,0.43241261094398,0.458195875519105,0.497218292626003,0.415722653421305,0.39651599792788,0.372838795898432,0.443745616354877,0.624882056474812,0.622694537150887,0.422309049659692
2021-05-19,0.474644320009182,0.433929458686323,0.475850373359291,0.441790001668114,0.466951243980806,0.504549910134076,0.427416033721266,0.402462342815883,0.372838795898432,0.455588644490692,0.628172968494695,0.622694537150887,0.423342576254096
2021-05-20,0.484296794442753,0.442354452416794,0.478847183722411,0.451733976036675,0.475521300887119,0.513780866715131,0.442301952422992,0.423055537221159,0.399495394425367,0.467075231973876,0.630129105010011,0.622694537150887,0.424981094025712
2021-05-21,0.494399082964569,0.460918744895172,0.48598176484259,0.461777174444489,0.484661418448823,0.524908851597136,0.458901892728191,0.442674675131158,0.399495394425367,0.480232874559719,0.632959749614526,0.622694537150887,0.426468364003025
2021-05-22,0.494399082964569,0.472893376849791,0.496400291008053,0.470391690490023,0.495768395904213,0.534558288993469,0.473237460628508,0.442674675131158,0.399495394425367,0.486196548274712,0.632959749614526,0.622694537150887,0.426468364003025
2021-05-23,0.494399082964569,0.482183912288791,0.504472059521925,0.478164959246242,0.504385115438454,0.543979999805895,0.483364167251231,0.442674675131158,0.399495394425367,0.498614480688965,0.632959749614526,0.622694537150887,0.426468364003025
2021-05-24,0.520382640330784,0.48743510394666,0.509157996490389,0.485906591352265,0.510593922865538,0.551419299290732,0.486118440026246,0.442674675131158,0.399495394425367,0.502267039204639,0.632959749614526,0.622694537150887,0.426468364003025
2021-05-25,0.528091051341138,0.49168652669902,0.511062684616654,0.494735373801402,0.515990519385845,0.556285669654803,0.488481044381951,0.468602178926378,0.428081719734153,0.506791535875943,0.636849009274388,0.634397505708765,0.429846231409125
2021-05-26,0.537409253285809,0.496777987992482,0.514193378893159,0.505688125902364,0.523373457614367,0.561824128064835,0.496054979667246,0.478875774794938,0.428081719734153,0.516058992844358,0.639334453317377,0.634397505708765,0.430476430552054
2021-05-27,0.546557563470915,0.503759368219429,0.519265810932337,0.515803225787896,0.531287425921405,0.570353649795104,0.507825182390286,0.499320960615716,0.44942857314084,0.52729262244503,0.640784295675788,0.634397505708765,0.431157045626418
2021-05-28,0.559727595476698,0.513735804634999,0.527032761983031,0.524519122917014,0.539971160219715,0.580625840254481,0.520584001541486,0.517621022019277,0.44942857314084,0.537370694446041,0.641750857248061,0.634397505708765,0.432165364255105
2021-05-29,0.559727595476698,0.523412690689308,0.533624229114952,0.532940223987483,0.547653622978151,0.590541594127681,0.531745921799811,0.517621022019277,0.44942857314084,0.548979928175292,0.641750857248061,0.634397505708765,0.432165364255105
2021-05-30,0.559727595476698,0.530539483712984,0.538770760426946,0.538791566244269,0.555424791593122,0.599689593992732,0.5421509522832,0.517621022019277,0.44942857314084,0.555520422516318,0.641750857248061,0.634397505708765,0.432165364255105
2021-05-31,0.583448399843867,0.534728714530743,0.540950794714701,0.543337177665675,0.560700882044174,0.607125080703713,0.546515977174925,0.540441345598045,0.44942857314084,0.559665482363853,0.643822060617219,0.649459862989636,0.434585328963953
2021-06-01,0.591411838529095,0.540031583659449,0.542462251472723,0.548185494308279,0.566545761142108,0.612892536622271,0.553966492829697,0.545461636774933,0.478865895974542,0.56822580706979,0.643822060617219,0.649459862989636,0.4361230148727
2021-06-02,0.599968948195176,0.544753696449221,0.544986678971637,0.554548056071648,0.573137443130341,0.618801642866485,0.563612114770181,0.550963955909443,0.478865895974542,0.577054420438997,0.651048259038501,0.649459862989636,0.436400302495589
2021-06-03,0.607589562792869,0.549999519019211,0.549559782956494,0.561007684829939,0.579635799862717,0.626693507054094,0.574692175069487,0.564603747017327,0.50564834624812,0.585191232326484,0.657883230156721,0.649459862989636,0.437156541467104
2021-06-04,0.614225033227712,0.556071509986615,0.553825543366599,0.567486726987213,0.586815149782015,0.635641625138242,0.588639852702449,0.577506495376732,0.50564834624812,0.596081835707688,0.665408602397993,0.649459862989636,0.438795059238719
2021-06-05,0.614225033227712,0.561678627428478,0.559564868861128,0.573868702149567,0.593889056890714,0.644374379268863,0.598526016984052,0.577506495376732,0.50564834624812,0.604989019328282,0.665408602397993,0.649459862989636,0.438795059238719
2021-06-06,0.614225033227712,0.565579717196719,0.563370876964894,0.579589183716904,0.599923063569562,0.652693158589671,0.602169414852419,0.577506495376732,0.50564834624812,0.609854625871459,0.665408602397993,0.649459862989636,0.438795059238719
2021-06-07,0.631212308829012,0.567840550617859,0.565310088615994,0.584057141542373,0.604043299973013,0.659019012570138,0.613833829320726,0.593378415948125,0.518179584449519,0.613921115467608,0.66966607599015,0.663029158615844,0.438795059238719
2021-06-08,0.634686728336995,0.570468942846731,0.566371055476778,0.589251304292806,0.608775439417013,0.663463551499483,0.618644676143111,0.597876676847257,0.538435722718637,0.620243146182827,0.66966607599015,0.663029158615844,0.445828081673809
2021-06-09,0.638423206834286,0.572640738893874,0.56861761070263,0.593663897980431,0.613405550389044,0.668083015871769,0.63035820658683,0.602266931482026,0.538435722718637,0.628027350112873,0.673900536211539,0.663029158615844,0.447113687925384
2021-06-10,0.642232849008794,0.577259720453965,0.571419068437415,0.598855184671755,0.617773895399527,0.671910347590951,0.635579612588299,0.617245800256415,0.567621342059054,0.635033516919433,0.679193611488275,0.663029158615844,0.448626165868414
2021-06-11,0.645293941249377,0.580512269148796,0.57447313732953,0.603313076290344,0.622191447054956,0.676792893359257,0.642759360686314,0.630721581851747,0.567621342059054,0.645906873172283,0.683405058338895,0.663029158615844,0.450844466851525
2021-06-12,0.645293941249377,0.583376677532358,0.57835913896645,0.606742776777548,0.626276134167976,0.681215826570089,0.647536204141106,0.630721581851747,0.567621342059054,0.650676662335721,0.683405058338895,0.663029158615844,0.450844466851525
2021-06-13,0.645293941249377,0.585329012112439,0.580955139626607,0.61001429401377,0.630118537133979,0.685416463511292,0.651435256958411,0.630721581851747,0.567621342059054,0.657862965816192,0.683405058338895,0.663029158615844,0.450844466851525
2021-06-14,0.652751695401938,0.586213793052535,0.582394181186195,0.6125006471133,0.632664964272963,0.688054094248997,0.653236176056844,0.647480553872125,0.567621342059054,0.66332072376616,0.68768554530182,0.663029158615844,0.456516259137888
2021-06-15,0.654751059163,0.591448430022776,0.58337178636506,0.614741816173806,0.635447181620789,0.690770637851647,0.656029489735391,0.651241772022777,0.595488514529884,0.669481781283416,0.68768554530182,0.676971719655718,0.456037307789261
2021-06-16,0.656438764662666,0.593919552719186,0.585198165032553,0.617568263262947,0.638260328859724,0.69294264802459,0.658536923249362,0.656254062735639,0.595488514529884,0.67673324058211,0.693715048443145,0.676971719655718,0.456037307789261
2021-06-17,0.658257024568173,0.595326701167531,0.587722592531467,0.620395429366864,0.640823827691853,0.695115351429143,0.660720695079209,0.668798790329839,0.625543110216165,0.68580714644345,0.699100177202955,0.676971719655718,0.456037307789261
2021-06-18,0.659951571346748,0.59766091212302,0.591950461267973,0.622345397442608,0.643128974901063,0.697417573606177,0.662505242185837,0.679038384226285,0.625543110216165,0.695095683235408,0.699100177202955,0.676971719655718,0.456037307789261
2021-06-19,0.659951571346748,0.599700046957148,0.59479149475074,0.624104107587619,0.645483864337749,0.699292302957003,0.664114734918562,0.679038384226285,0.625543110216165,0.695095683235408,0.699100177202955,0.676971719655718,0.456037307789261
2021-06-20,0.659951571346748,0.601316589832782,0.59695300422029,0.625240869950359,0.647845314660427,0.700690320037305,0.66598114198421,0.679038384226285,0.625543110216165,0.695095683235408,0.699100177202955,0.676971719655718,0.456037307789261
2021-06-21,0.665320264970334,0.602089291063399,0.59715172499739,0.626443781672601,0.649197995287811,0.701512030572438,0.666919383052973,0.69108808310882,0.625543110216165,0.704211748743834,0.699100177202955,0.676971719655718,0.500604991177212
2021-06-22,0.667163609565172,0.603403599033833,0.597907874394996,0.628065159995168,0.650996414475805,0.702373255309345,0.667374020671529,0.693773238847853,0.653074678029282,0.706865890162621,0.70425517225508,0.690036009134024,0.507335518023696
2021-06-23,0.668591156430783,0.604553031263975,0.599307340206602,0.63015389792291,0.652934285965053,0.703288436573236,0.667866439809631,0.696425392672775,0.653074678029282,0.709855392410497,0.710836996294847,0.690036009134024,0.512175447441391
2021-06-24,0.670837376339133,0.605866891810418,0.60134422817187,0.632640251022439,0.654707934461034,0.704299861492324,0.66979959422648,0.698919537333165,0.6752785219012,0.713348894075803,0.710836996294847,0.690036009134024,0.519334509705067
2021-06-25,0.672047712599393,0.607299990850179,0.603211024624536,0.635123728062859,0.656556430615584,0.704869582337198,0.672080338623166,0.700869650439725,0.6752785219012,0.716378639623169,0.714265988539341,0.690036009134024,0.523443408116965
2021-06-26,0.672047712599393,0.607299990850179,0.60508455737473,0.637350516827822,0.658523089665821,0.705824508880066,0.673915261089191,0.700869650439725,0.6752785219012,0.716378639623169,0.714265988539341,0.690036009134024,0.523443408116965
2021-06-27,0.672047712599393,0.607299990850179,0.606699584707257,0.639024383229124,0.660341124563977,0.706826806249622,0.675772852466944,0.700869650439725,0.6752785219012,0.716378639623169,0.714265988539341,0.690036009134024,0.523443408116965
2021-06-28,0.677764551305221,0.610623008823425,0.607525623191725,0.64062562913793,0.661627861592353,0.70751322108219,0.676490701338347,0.703347794172062,0.6752785219012,0.728198671587847,0.714265988539341,0.699784823467416,0.530199142929166
2021-06-29,0.679059833445264,0.611635976736637,0.608297771295963,0.643779227950693,0.663404121053167,0.708378143054351,0.677576290333346,0.705087895097916,0.685862054499799,0.731891473403012,0.720111384714519,0.699784823467416,0.533526594403832
2021-06-30,0.680595130453687,0.612855207109209,0.609793229347354,0.647352731393336,0.664990516507089,0.709234168554182,0.679067400971489,0.706598982740999,0.685862054499799,0.735591940608555,0.723908590891308,0.699784823467416,0.535795311318377
2021-07-01,0.680595130453687,0.612855207109209,0.611413308903028,0.650550909122284,0.666640579334267,0.710206425887302,0.680991739700443,0.706598982740999,0.685862054499799,0.735591940608555,0.723908590891308,0.699784823467416,0.535795311318377
2021-07-02,0.683744399177982,0.614739980666809,0.613138643107589,0.652024889415527,0.667373323183152,0.710936514311304,0.681929980769207,0.708363085058933,0.698573080910687,0.745532035582742,0.723908590891308,0.699784823467416,0.539299218553063
2021-07-03,0.683744399177982,0.614739980666809,0.613755014331473,0.654226512663288,0.668641113979527,0.71176527270114,0.682725911447674,0.708363085058933,0.698573080910687,0.745532035582742,0.723908590891308,0.699784823467416,0.539299218553063
2021-07-04,0.683744399177982,0.614739980666809,0.614831979898888,0.656234720935985,0.669908904775903,0.71252205054213,0.683597405165237,0.708363085058933,0.698573080910687,0.745532035582742,0.723908590891308,0.699784823467416,0.539299218553063
2021-07-05,0.688000054730231,0.617355621311968,0.615626020970094,0.657417500244465,0.670709265919203,0.713036197319597,0.684219540853787,0.710216192539167,0.698573080910687,0.746187426460161,0.723908590891308,0.705427718250483,0.541542727501891
2021-07-06,0.689042589621704,0.61833570356192,0.616430166487593,0.659358840142883,0.672018430466023,0.713749070491949,0.685344170752318,0.71149526672547,0.700928306454996,0.746413555476346,0.725450486732792,0.705427718250483,0.543080413410638
2021-07-07,0.690104888207802,0.619275517652778,0.617876786381901,0.661348354031372,0.673262856474527,0.714469453673411,0.687213096585936,0.71289534793018,0.700928306454996,0.747659181412961,0.731641083469496,0.705427718250483,0.546735568439627
2021-07-08,0.692254380033803,0.620423383898955,0.619374770544866,0.663501084274284,0.674978394266,0.71529567021401,0.689157585458649,0.714425436675327,0.710732756812475,0.749665597344709,0.731641083469496,0.705427718250483,0.548676581799849
2021-07-09,0.693641829403589,0.621622927615971,0.620890437488843,0.665757352645112,0.676438526138469,0.716090229177749,0.691143634002864,0.715896521998276,0.710732756812475,0.752022704886303,0.738430027846179,0.705427718250483,0.548676581799849
2021-07-10,0.693641829403589,0.621622927615971,0.622544198532161,0.667572145942744,0.677833919472623,0.716937358205251,0.692880324518065,0.715896521998276,0.710732756812475,0.752022704886303,0.738430027846179,0.705427718250483,0.548676581799849
2021-07-11,0.693641829403589,0.621622927615971,0.623736523194756,0.668677990670064,0.678986426129411,0.71765889677273,0.694173711870576,0.715896521998276,0.710732756812475,0.752022704886303,0.738430027846179,0.705427718250483,0.548676581799849
2021-07-12,0.698046282772101,0.623852888781805,0.624318370893806,0.669309285644438,0.679744677096288,0.71821255775197,0.694779475567321,0.717788631740641,0.710732756812475,0.752022704886303,0.738430027846179,0.712585631477253,0.553919838669019
2021-07-13,0.698477473378873,0.62464661893995,0.624711602262049,0.670472651553935,0.681023380386713,0.718893426731658,0.695926774377581,0.719109708363085,0.72093274123083,0.754874230107354,0.738430027846179,0.712585631477253,0.555230652886312
2021-07-14,0.699577018927918,0.62550365959267,0.625768358936878,0.672032913620441,0.6823406456193,0.719763663479496,0.697490929286849,0.720289776807055,0.72093274123083,0.756702425712786,0.740984512001473,0.712585631477253,0.557348122006554
2021-07-15,0.700897765828344,0.626226249336414,0.626919423777109,0.674166949479146,0.68366641322455,0.720545282119847,0.699094125099649,0.721705858939818,0.725517340572805,0.758398393334177,0.740984512001473,0.712585631477253,0.559213511469624
2021-07-16,0.701949422425028,0.627107674596586,0.628305416993658,0.676291638145747,0.685033889319326,0.721447060905943,0.700990757380935,0.722958931618034,0.725517340572805,0.75983948672546,0.740984512001473,0.712585631477253,0.562112427527099
2021-07-17,0.701949422425028,0.627107674596586,0.629626573346492,0.678076951837514,0.686398955292717,0.722295345319462,0.702117906047436,0.722958931618034,0.725517340572805,0.75983948672546,0.742457367730652,0.712585631477253,0.562112427527099
2021-07-18,0.701949422425028,0.627107674596586,0.630412194045787,0.679154035973747,0.687456195206978,0.722912552529625,0.702403786212012,0.722958931618034,0.725517340572805,0.75983948672546,0.742457367730652,0.712585631477253,0.562112427527099
2021-07-19,0.704865897630903,0.629054192664797,0.630800373190883,0.679655908288227,0.688146159401278,0.723351252600196,0.702457939723364,0.724990049422866,0.725517340572805,0.761811408400501,0.744045290313672,0.719853328649218,0.56672548525334
2021-07-20,0.705786239679646,0.629793337096169,0.63118097400126,0.680758876956439,0.689312792047296,0.724009591552557,0.704416281819911,0.724990049422866,0.730617332781983,0.762884563053585,0.744045290313672,0.719853328649218,0.567053188807663
2021-07-21,0.706787726897666,0.630574986806585,0.63211647732057,0.681857531535988,0.690483441562289,0.724811429448202,0.705797826051365,0.727763210266196,0.730617332781983,0.762965049652566,0.744045290313672,0.719853328649218,0.567053188807663
2021-07-22,0.707929840404365,0.631407419139859,0.633358482177441,0.683348768183884,0.691683682012066,0.725637068295792,0.707215892418382,0.729210294197063,0.735225903885223,0.763735421385673,0.746576761098198,0.719853328649218,0.567053188807663
2021-07-23,0.708923536165851,0.632404279789433,0.63469900538567,0.684679664536465,0.692860825465235,0.726480153472235,0.708932432789825,0.730601374879743,0.735225903885223,0.76394238692591,0.746576761098198,0.719853328649218,0.567053188807663
2021-07-24,0.708923536165851,0.632404279789433,0.6358408078168,0.686479358523776,0.69410826412547,0.727292158764828,0.71039079944436,0.730601374879743,0.735225903885223,0.76394238692591,0.747175108738177,0.719853328649218,0.567053188807663
2021-07-25,0.708923536165851,0.632404279789433,0.636582642582158,0.687749138620297,0.69510049771015,0.727862572841311,0.71137185956861,0.730601374879743,0.735225903885223,0.76394238692591,0.747175108738177,0.719853328649218,0.567053188807663
2021-07-26,0.711506308989402,0.634413437216235,0.637008713400854,0.688673072608988,0.695752569440451,0.728333739258954,0.711640108357398,0.732402479343802,0.735225903885223,0.765626856461732,0.748832071433503,0.726045143158265,0.572699773128309
2021-07-27,0.712540292282239,0.63513826407993,0.637421311624492,0.690219673394728,0.696814094014952,0.729028126255038,0.712266022197902,0.7341855827638,0.73855797870109,0.766571615825965,0.748832071433503,0.726045143158265,0.572699773128309
2021-07-28,0.713555652093602,0.636020807900076,0.638248192146151,0.691807258022767,0.697936674997876,0.729766995612768,0.713580819078156,0.735690670058863,0.73855797870109,0.767983964003327,0.751570662554944,0.726045143158265,0.572699773128309
2021-07-29,0.714631633237517,0.636809616394331,0.639263688998616,0.693405627872464,0.699065348232079,0.730533709773503,0.714866650126757,0.737276762052199,0.742363495801945,0.767983964003327,0.752744344464134,0.726045143158265,0.572699773128309
2021-07-30,0.71565421439884,0.637595069208661,0.640174773239385,0.694736524225046,0.700156731532629,0.731273272362843,0.716160037479267,0.738468831192209,0.742363495801945,0.771465967583064,0.752744344464134,0.726045143158265,0.572699773128309
2021-07-31,0.71565421439884,0.637595069208661,0.641124591190944,0.69668649230079,0.701181970390721,0.732059628085863,0.716160037479267,0.738468831192209,0.742363495801945,0.771465967583064,0.752744344464134,0.726045143158265,0.572699773128309
2021-08-01,0.71565421439884,0.637595069208661,0.641870636142257,0.698090728160645,0.701910764318447,0.732653958652894,0.718298471485657,0.738468831192209,0.742363495801945,0.771465967583064,0.752744344464134,0.726045143158265,0.572699773128309
2021-08-02,0.71565421439884,0.637595069208661,0.642152718601275,0.698313622741575,0.702371633085531,0.733094045186685,0.718298471485657,0.738468831192209,0.742363495801945,0.773311410316849,0.755759096034796,0.726045143158265,0.572699773128309
2021-08-03,0.718526031256283,0.639515189261466,0.642321968076686,0.698636460376534,0.70271929309533,0.733743603205318,0.71895209177383,0.740145928463851,0.746324829351025,0.774620275724092,0.755759096034796,0.726045143158265,0.577791782203176
2021-08-04,0.719312208224205,0.640349635002695,0.642564474787722,0.699148398897894,0.703528424402559,0.734397551690815,0.719351316497049,0.741672016976985,0.746324829351025,0.774620275724092,0.755759096034796,0.731095204637274,0.577791782203176
2021-08-05,0.72076198924627,0.640938892397439,0.643374514565559,0.700104688551559,0.704337154022891,0.735045030014618,0.720361342452953,0.742804082636793,0.749794741794166,0.77745455381679,0.757208938393206,0.731095204637274,0.577791782203176
2021-08-06,0.721750364013049,0.641533071456072,0.644143294521032,0.701116342343068,0.705123456124778,0.735927051699827,0.721396556088555,0.743768138552036,0.749794741794166,0.779043205972872,0.757208938393206,0.731095204637274,0.577791782203176
2021-08-07,0.721750364013049,0.641533071456072,0.644894391695492,0.701749075346997,0.705934060283965,0.736974871278444,0.721396556088555,0.743768138552036,0.749794741794166,0.779043205972872,0.757208938393206,0.731095204637274,0.577791782203176
2021-08-08,0.721750364013049,0.641533071456072,0.64542908531184,0.702231534262492,0.706517510502606,0.737747708985067,0.721396556088555,0.743768138552036,0.749794741794166,0.779043205972872,0.757208938393206,0.731095204637274,0.577791782203176
2021-08-09,0.723998674312176,0.642967512767803,0.645696011101418,0.70247024716852,0.706895230081903,0.738265090843381,0.723463205207805,0.744919205313908,0.749794741794166,0.780999796867155,0.758428647043932,0.731095204637274,0.577791782203176
2021-08-10,0.72472327976992,0.643507553523654,0.645887995580989,0.703015260369631,0.707592558535991,0.739015398522677,0.723896433298616,0.745472237389769,0.753096851908452,0.782099780386566,0.758428647043932,0.73436676620411,0.577791782203176
2021-08-11,0.725488552830066,0.644033276711827,0.646344379738564,0.7035300749501,0.70831539410807,0.73984392583531,0.724478268699648,0.745943264709353,0.753096851908452,0.783891565387696,0.758428647043932,0.73436676620411,0.581724224855054
2021-08-12,0.726400343280173,0.644695687928926,0.64699274837571,0.704287197510483,0.709060924989859,0.740923287452184,0.72536487502503,0.746455294407076,0.755883569155535,0.784742423719784,0.759533288840817,0.73436676620411,0.581724224855054
2021-08-13,0.727203623445367,0.645265929804098,0.647621750157461,0.705107593371259,0.709838791666898,0.742175956971576,0.726541139666943,0.746455294407076,0.755883569155535,0.78750388060388,0.759533288840817,0.73436676620411,0.581724224855054
2021-08-14,0.727203623445367,0.645265929804098,0.648266750645842,0.705673458000909,0.710639755340544,0.743320828975602,0.726541139666943,0.746455294407076,0.755883569155535,0.78750388060388,0.759533288840817,0.73436676620411,0.581724224855054
2021-08-15,0.727203623445367,0.645265929804098,0.64887049131186,0.706076825290913,0.71128191879404,0.744227229305766,0.726541139666943,0.746455294407076,0.755883569155535,0.78750388060388,0.759533288840817,0.73436676620411,0.581724224855054
2021-08-16,0.729339622749077,0.646651601900925,0.649200569890771,0.706270240265978,0.711680057457294,0.74488926549338,0.728151891783653,0.747929379904034,0.755883569155535,0.78750388060388,0.759533288840817,0.74018531529949,0.581724224855054
2021-08-17,0.730020139964965,0.647275982078879,0.649353820659551,0.70683035277741,0.712434358503012,0.74580098059922,0.728397471660712,0.748511413661992,0.758388618207751,0.789081034674393,0.760476837042321,0.74018531529949,0.586312074615578
2021-08-18,0.73076070840683,0.647850027057966,0.649928932061071,0.707509821741857,0.713230702777337,0.746684735363454,0.730006964393437,0.749051444983809,0.758388618207751,0.790146523937098,0.760476837042321,0.74018531529949,0.586312074615578
2021-08-19,0.731585842657426,0.648640848960175,0.650728025355424,0.708326622528746,0.714342706005293,0.747608235406666,0.730715997576945,0.749862492024537,0.761480975410966,0.791125777558037,0.761581478839206,0.74018531529949,0.586312074615578
2021-08-20,0.732384181898964,0.649299233361364,0.65119282988491,0.709511558881558,0.715439579026775,0.748570094265634,0.731665573101573,0.751085562962652,0.761480975410966,0.792350323671109,0.761581478839206,0.74018531529949,0.586312074615578
2021-08-21,0.732384181898964,0.649299233361364,0.65239610103099,0.710100431984078,0.71644299289677,0.749545240063796,0.731665573101573,0.751085562962652,0.761480975410966,0.792350323671109,0.761581478839206,0.74018531529949,0.586312074615578
2021-08-22,0.732384181898964,0.649299233361364,0.653069730783869,0.710669172672837,0.717160941278263,0.750256957850132,0.731665573101573,0.751085562962652,0.761480975410966,0.792350323671109,0.761581478839206,0.74018531529949,0.586312074615578
2021-08-23,0.734218024717541,0.650677970386348,0.653349287131314,0.710992010307796,0.717625358279607,0.75073193704163,0.73323728431475,0.751085562962652,0.761480975410966,0.793459888928494,0.761581478839206,0.75052696293694,0.586312074615578
2021-08-24,0.735170482770049,0.651304811396247,0.653489907342227,0.711470874149406,0.718511077888629,0.751487097342196,0.73453822797117,0.752121623054137,0.763674391566734,0.794218762576031,0.762732147377627,0.75052696293694,0.591983866901941
2021-08-25,0.736695897931159,0.652014202132289,0.654107962640494,0.712123739567096,0.719474523912321,0.752194771277473,0.735666636021656,0.752849665280586,0.763674391566734,0.794218762576031,0.762732147377627,0.75052696293694,0.591983866901941
2021-08-26,0.738421230464823,0.652839475681723,0.654912950195184,0.713052706659227,0.720408445949045,0.753172805540677,0.736281215406296,0.753631710639217,0.766598946441092,0.796075703395385,0.762732147377627,0.75052696293694,0.591983866901941
2021-08-27,0.740042043459604,0.653569224209307,0.655871188518655,0.714290131090774,0.721274349004456,0.754272848567252,0.737546896311138,0.754395754953787,0.766598946441092,0.797250424470992,0.766138126251352,0.75052696293694,0.591983866901941
2021-08-28,0.740042043459604,0.653569224209307,0.656754485532117,0.715201122813476,0.722156118692319,0.755376819906284,0.737546896311138,0.754395754953787,0.766598946441092,0.797250424470992,0.766138126251352,0.75052696293694,0.591983866901941
2021-08-29,0.740042043459604,0.653569224209307,0.657459270661066,0.716171792762685,0.722842066017643,0.756186514426843,0.737546896311138,0.754395754953787,0.766598946441092,0.797250424470992,0.766138126251352,0.75052696293694,0.591983866901941
2021-08-30,0.743300392575388,0.655657575682327,0.657839029434252,0.716717524978573,0.723248774001378,0.756744450334346,0.740369175821339,0.755543821541649,0.766598946441092,0.798538210054692,0.766138126251352,0.760495345160724,0.591983866901941
2021-08-31,0.744199450645304,0.656319986899426,0.658111007446977,0.717615574435286,0.724048666509964,0.757482510921864,0.741406908224911,0.756058851413382,0.768498708521362,0.798538210054692,0.766322233217499,0.760495345160724,0.591983866901941
2021-09-01,0.745386602571485,0.656985306372459,0.658759376084123,0.718568269015065,0.724932444632315,0.758348010587033,0.742798527528245,0.756689888013505,0.768498708521362,0.800232261328489,0.766322233217499,0.760495345160724,0.591983866901941
2021-09-02,0.746729203557313,0.657823107793611,0.659757190155575,0.719827982904705,0.725982989764951,0.759181852675343,0.743474816728146,0.757507935460257,0.770847941125354,0.800232261328489,0.767058661082089,0.760495345160724,0.591983866901941
2021-09-03,0.748034177509144,0.65875531567664,0.660745741817925,0.72132425265604,0.727407907086072,0.760210030691674,0.744620856154421,0.758130971596353,0.770847941125354,0.800891484901097,0.768094262766667,0.760495345160724,0.591983866901941
2021-09-04,0.748034177509144,0.65875531567664,0.661867335356468,0.722691818762259,0.72883054818144,0.761214869910467,0.744620856154421,0.758130971596353,0.770847941125354,0.800891484901097,0.768094262766667,0.760495345160724,0.596849004285354
2021-09-05,0.748034177509144,0.65875531567664,0.662801996638588,0.723737985263073,0.729791985770643,0.761966795130187,0.744620856154421,0.758130971596353,0.770847941125354,0.800891484901097,0.768094262766667,0.760495345160724,0.596849004285354
2021-09-06,0.748034177509144,0.65875531567664,0.663124496882778,0.724132005360974,0.730437563562767,0.762434148773974,0.744620856154421,0.758130971596353,0.770847941125354,0.800891484901097,0.768094262766667,0.760495345160724,0.596849004285354
2021-09-07,0.750819338167077,0.661526883582291,0.663236487829195,0.724236262503667,0.730883302123377,0.762828366482899,0.746463334924355,0.7593340413744,0.773023378460174,0.802938144132335,0.768094262766667,0.766555418935535,0.601184774388707
2021-09-08,0.751854081602015,0.662430456329964,0.663398158969885,0.725025021714246,0.732051340673536,0.763534653954956,0.746978422974186,0.75989307379828,0.773023378460174,0.803834994806698,0.769129864451246,0.766555418935535,0.601184774388707
2021-09-09,0.753083611450324,0.663291076374604,0.664292402466832,0.726319967327968,0.733259280122182,0.764494433119094,0.747664787245967,0.760949135049833,0.775144879332147,0.804848742684343,0.769129864451246,0.766555418935535,0.601184774388707
2021-09-10,0.7543452573024,0.664236706977331,0.665360947662336,0.727666682005648,0.734362379290577,0.765470849841874,0.748616881538564,0.762411219850751,0.775144879332147,0.806121197487285,0.769129864451246,0.766555418935535,0.601184774388707
2021-09-11,0.7543452573024,0.664236706977331,0.666418546374356,0.72884658525502,0.735469160588865,0.766434672857071,0.748616881538564,0.762411219850751,0.775144879332147,0.806121197487285,0.769129864451246,0.766555418935535,0.601184774388707
2021-09-12,0.7543452573024,0.664236706977331,0.667348155433329,0.729611616977952,0.736254659316957,0.767160024198405,0.748616881538564,0.762411219850751,0.775144879332147,0.806121197487285,0.769129864451246,0.766555418935535,0.601184774388707
2021-09-13,0.757463740271606,0.666636241835351,0.667899689793499,0.729895627814943,0.736697586069284,0.7676210232191,0.750466916612408,0.764470339279678,0.775144879332147,0.807209682921127,0.771039974225025,0.772527665554189,0.601184774388707
2021-09-14,0.758705812464582,0.667785450353498,0.668131250021051,0.730498162198229,0.737536977789459,0.768218357789774,0.750727609097286,0.765778415148079,0.776888824964192,0.807209682921127,0.771039974225025,0.772527665554189,0.608293420720948
2021-09-15,0.7600009045691,0.668825039994112,0.668926975166639,0.731244499536955,0.738552643109828,0.768834409613921,0.751840904539953,0.767180496468795,0.776888824964192,0.807635112087171,0.77154626838193,0.772527665554189,0.608293420720948
2021-09-16,0.76136022868115,0.670093039581587,0.66998541591585,0.732282037860442,0.739575003211822,0.769548091556485,0.752396292877302,0.768570577093471,0.779921252764244,0.809499718296904,0.77154626838193,0.772527665554189,0.608293420720948
2021-09-17,0.763144472227638,0.673903525991866,0.671298993933964,0.733208128893465,0.740570182500417,0.770411395988222,0.754870982407665,0.769583635850879,0.779921252764244,0.810691686500864,0.77154626838193,0.772527665554189,0.608293420720948
2021-09-18,0.763144472227638,0.673903525991866,0.673264308737988,0.733966689483402,0.741587990150905,0.771236919297211,0.754870982407665,0.769583635850879,0.779921252764244,0.810691686500864,0.77154626838193,0.772527665554189,0.608293420720948
2021-09-19,0.763144472227638,0.673903525991866,0.675494865257209,0.734521768891394,0.742331110911309,0.771874114685465,0.754870982407665,0.769583635850879,0.779921252764244,0.810691686500864,0.77154626838193,0.772527665554189,0.608293420720948
2021-09-20,0.765839746082133,0.681917784499578,0.676776445862061,0.734706555689132,0.742762522639241,0.772197391692959,0.758116414936798,0.772207788051707,0.779921252764244,0.811766757501543,0.772512829954203,0.778477955383805,0.608293420720948
2021-09-21,0.767703044407121,0.685178610538222,0.677130101482322,0.735158096969209,0.74360559648931,0.772588720936842,0.759183113172023,0.773184844720994,0.782761906474174,0.812333996389601,0.772512829954203,0.778477955383805,0.608293420720948
2021-09-22,0.769055907311313,0.687843020398283,0.678923640699362,0.735649903076808,0.744708695657704,0.773029731779447,0.760837943728205,0.774346912120903,0.782761906474174,0.813167607593336,0.773042137481877,0.778477955383805,0.608293420720948
2021-09-23,0.770582272650049,0.690319064758582,0.681311658173318,0.736518472927656,0.745892667788132,0.773585587992119,0.763794977324791,0.775580983697054,0.782761906474174,0.813167607593336,0.773042137481877,0.778477955383805,0.608293420720948
2021-09-24,0.771878695003244,0.692857748477472,0.683761986399415,0.737260496177717,0.747101477558389,0.774167209312966,0.766218032111773,0.776859057825354,0.786519480052498,0.815789171103011,0.773042137481877,0.778477955383805,0.608293420720948
2021-09-25,0.771878695003244,0.692857748477472,0.686201368142028,0.737893229181646,0.748252578311037,0.774788691451391,0.766218032111773,0.776859057825354,0.786519480052498,0.815789171103011,0.773042137481877,0.778477955383805,0.608293420720948
2021-09-26,0.771878695003244,0.692857748477472,0.688014274214463,0.73835052257994,0.749150482422617,0.775264710490304,0.771662349078572,0.776859057825354,0.786519480052498,0.815789171103011,0.773042137481877,0.778477955383805,0.608293420720948
2021-09-27,0.774001201784662,0.698182317669691,0.689223439620881,0.738517334008248,0.749645963210702,0.775523863573868,0.772742900537631,0.778610159389244,0.786519480052498,0.817456393510481,0.774584033323361,0.771956789039171,0.623821527602722
2021-09-28,0.774525509798802,0.700093712954692,0.689525730972485,0.7389444287859,0.750514276387498,0.775804853453148,0.775363678610244,0.779943236707729,0.789515950210652,0.818102202649926,0.774584033323361,0.771956789039171,0.623821527602722
2021-09-29,0.776441828035333,0.701821440691825,0.69120727924311,0.739552715287405,0.751512870014722,0.776170879743264,0.777832071220683,0.781248312402119,0.789515950210652,0.818102202649926,0.774584033323361,0.771956789039171,0.623821527602722
2021-09-30,0.777312000705412,0.703628138763181,0.693432783539183,0.74035010267531,0.752482073550612,0.776652098019252,0.779683365678512,0.781248312402119,0.789515950210652,0.819414900752358,0.774584033323361,0.771956789039171,0.623821527602722
2021-10-01,0.776690584537874,0.705229916647148,0.696080148467997,0.740857727108008,0.75321314370409,0.777213615623407,0.781687045598516,0.784140480147848,0.789515950210652,0.823510135562429,0.774584033323361,0.771956789039171,0.623821527602722
2021-10-02,0.776690584537874,0.705229916647148,0.697797904337839,0.741426467796766,0.75406532245717,0.77774405334371,0.781687045598516,0.784140480147848,0.789515950210652,0.823510135562429,0.774584033323361,0.771956789039171,0.623821527602722
2021-10-03,0.776690584537874,0.705229916647148,0.700117716799316,0.741890951342832,0.754600503300293,0.778178016331613,0.784481618661048,0.784140480147848,0.789515950210652,0.823510135562429,0.774584033323361,0.771956789039171,0.623821527602722
2021-10-04,0.778557683573367,0.708706401048941,0.701198050515495,0.742067828978021,0.755024416872805,0.778371890105228,0.785073529133959,0.785725572083181,0.789515950210652,0.825163943536735,0.77605688905254,0.788270683295275,0.623821527602722
2021-10-05,0.779242191535286,0.710888040423863,0.70183042044601,0.742468320208917,0.75567514964678,0.778630465495783,0.786635165275257,0.787454672370997,0.794442147150657,0.826035881692365,0.77605688905254,0.788270683295275,0.623821527602722
2021-10-06,0.780270473762365,0.711973714735439,0.703886675266673,0.743011895380474,0.75648354452803,0.778973268526961,0.788026784578591,0.789137769990659,0.794442147150657,0.82773759835654,0.778220145904771,0.788270683295275,0.623821527602722
2021-10-07,0.781096368155063,0.713228515315211,0.705928615455088,0.743848828581125,0.757120486051858,0.779413701676558,0.79019040626468,0.790592854385554,0.794442147150657,0.829569626657161,0.778220145904771,0.788270683295275,0.630098311066297
2021-10-08,0.781957609155455,0.714528505717967,0.708021077874968,0.744654844146357,0.75787686247988,0.779976490205331,0.791376745978472,0.791696918421268,0.794442147150657,0.832043631402038,0.778864520286286,0.788270683295275,0.630098311066297
2021-10-09,0.781957609155455,0.714528505717967,0.710516876109384,0.745327122963031,0.758838433964716,0.78049837806911,0.791376745978472,0.791696918421268,0.794442147150657,0.832043631402038,0.778864520286286,0.788270683295275,0.630098311066297
2021-10-10,0.781957609155455,0.714528505717967,0.712895631174238,0.745929657346318,0.759526724463609,0.780922751353073,0.791376745978472,0.791696918421268,0.794442147150657,0.832043631402038,0.778864520286286,0.788270683295275,0.630098311066297
2021-10-11,0.781957609155455,0.714528505717967,0.713762929481069,0.74603391448901,0.759816206821085,0.781131760683508,0.795336249227053,0.791696918421268,0.794442147150657,0.832043631402038,0.778864520286286,0.788270683295275,0.630098311066297
2021-10-12,0.786103044103065,0.717790897740576,0.713985227299519,0.74609287370074,0.759951642253364,0.781299407194543,0.79607802639417,0.792923989591396,0.794442147150657,0.833996389601131,0.778864520286286,0.794023362023538,0.630098311066297
2021-10-13,0.783873737356461,0.718989546609611,0.716248623269193,0.746651548182618,0.760686327588921,0.781646485153983,0.797016267462933,0.795456136455915,0.794442147150657,0.835860995810864,0.776540169838676,0.794023362023538,0.630098311066297
2021-10-14,0.784498574163454,0.720326449491536,0.717638826671697,0.747364810841592,0.76137896969587,0.782071205053751,0.798177419497027,0.796891219690742,0.804438371598257,0.838781509545327,0.776540169838676,0.794023362023538,0.630098311066297
2021-10-15,0.785578736088924,0.721661115253512,0.719199121586802,0.748137032712296,0.76207107622029,0.782541562701182,0.799933000772002,0.798196295385132,0.804438371598257,0.842060380280017,0.776540169838676,0.794023362023538,0.630098311066297
2021-10-16,0.785578736088924,0.721661115253512,0.720856250778884,0.748802840395976,0.762742562817303,0.783001752951665,0.799933000772002,0.798196295385132,0.804438371598257,0.842060380280017,0.776540169838676,0.794023362023538,0.630098311066297
2021-10-17,0.785578736088924,0.721661115253512,0.722036786920805,0.749222026011079,0.763258864376244,0.783448887340158,0.802208707632748,0.798196295385132,0.804438371598257,0.842060380280017,0.776540169838676,0.794023362023538,0.630098311066297
2021-10-18,0.786916776222147,0.723721279015166,0.722635475363676,0.749380928276838,0.763530404718964,0.783647613735044,0.802587782212209,0.799886393410818,0.804438371598257,0.844283343489976,0.776540169838676,0.799292991392939,0.630098311066297
2021-10-19,0.787338845123707,0.724490400853864,0.723019444322817,0.74970808000046,0.764035927679487,0.783843798280693,0.80394539814795,0.801330477167676,0.804438371598257,0.844283343489976,0.779462867926265,0.799292991392939,0.646912024199647
2021-10-20,0.787528880648949,0.725668691931357,0.724031573026517,0.750207795270608,0.764646023128998,0.784120628770313,0.80485467338506,0.802413539985319,0.804438371598257,0.846138367961734,0.779462867926265,0.799292991392939,0.646912024199647
2021-10-21,0.788445231951661,0.726391952811087,0.725230633986642,0.750763593693378,0.765191513935824,0.784507452008731,0.805755132934276,0.803472601410882,0.804438371598257,0.851576962435755,0.779462867926265,0.799292991392939,0.646912024199647
2021-10-22,0.789123278705721,0.727107831194982,0.72647853310385,0.751355342855006,0.76579150026508,0.784949502698751,0.806648036179583,0.804310650017701,0.804438371598257,0.854829004304117,0.781902285227717,0.799292991392939,0.646912024199647
2021-10-23,0.789123278705721,0.727107831194982,0.72766664758049,0.751804727090751,0.76639677547182,0.785351692571191,0.806648036179583,0.804310650017701,0.804438371598257,0.854829004304117,0.781902285227717,0.799292991392939,0.646912024199647
2021-10-24,0.789123278705721,0.727107831194982,0.728661093503178,0.752118936548384,0.76682999479079,0.785741519813253,0.807954017371943,0.804310650017701,0.804438371598257,0.854829004304117,0.781902285227717,0.799292991392939,0.646912024199647
2021-10-25,0.790120965213237,0.728897527154721,0.729152843222779,0.752236135957066,0.76703331530875,0.785903273855602,0.808482958645608,0.805925743693134,0.804438371598257,0.854829004304117,0.781902285227717,0.806758299666257,0.646912024199647
2021-10-26,0.790527071130677,0.72955501670793,0.729453450500002,0.752494262262078,0.767465731253925,0.786081087763584,0.808710907146878,0.806588782149365,0.812259158711038,0.859322839413904,0.784986076910685,0.806758299666257,0.655684396269221
2021-10-27,0.791026294455485,0.730181857717829,0.730255069905928,0.752899786596414,0.7679603417204,0.786330304527403,0.809418680946402,0.807383828262039,0.812259158711038,0.859322839413904,0.784986076910685,0.806758299666257,0.655684396269221
2021-10-28,0.79203443291689,0.730808475015733,0.731189731188047,0.75344120472364,0.768421143539666,0.786649999838246,0.810256171296372,0.808109870372482,0.814296758418583,0.862335337832917,0.784986076910685,0.806758299666257,0.655684396269221
2021-10-29,0.793806894260813,0.731416747930049,0.732264170643889,0.753921506594804,0.76889058162723,0.786991531944806,0.810256171296372,0.808877914919065,0.814296758418583,0.862335337832917,0.784986076910685,0.806758299666257,0.655684396269221
2021-10-30,0.793806894260813,0.731416747930049,0.733236723599608,0.754342130239461,0.769361291723302,0.787314231259292,0.810256171296372,0.808877914919065,0.814296758418583,0.862335337832917,0.784986076910685,0.806758299666257,0.655684396269221
2021-10-31,0.793806894260813,0.731416747930049,0.733890144459901,0.754633331224223,0.769695696065483,0.787625030097806,0.811827882509549,0.808877914919065,0.814296758418583,0.862335337832917,0.784986076910685,0.806758299666257,0.655684396269221
2021-11-01,0.793788460814865,0.732842017049986,0.73434989676624,0.754738307381693,0.769852019216434,0.787739413313467,0.812001677499468,0.809925975706591,0.814296758418583,0.863404659790812,0.788530136009021,0.811852274723345,0.661633476178472
2021-11-02,0.793702754792981,0.732842017049986,0.734575562733455,0.755014409056135,0.7701941895053,0.787883605488361,0.812494096637571,0.81031799844391,0.814296758418583,0.863404659790812,0.788530136009021,0.811852274723345,0.661633476178472
2021-11-03,0.794118552522209,0.733976460576466,0.735136359502727,0.755297700878348,0.770606387209968,0.788072511102104,0.81289332136079,0.810779025183461,0.814296758418583,0.863404659790812,0.789335603985916,0.811852274723345,0.661633476178472
2021-11-04,0.794706522437304,0.734505315732568,0.735988501140118,0.755789506985947,0.770998031935046,0.788323692022152,0.813312696227767,0.811239051865008,0.816879715694912,0.867637871627707,0.789335603985916,0.811852274723345,0.661633476178472
2021-11-05,0.795159757165005,0.734989652201673,0.736860009632906,0.756215882748822,0.771362361951092,0.788706586948112,0.813750961854519,0.811740080924694,0.816879715694912,0.867637871627707,0.789335603985916,0.811852274723345,0.661633476178472
2021-11-06,0.795159757165005,0.734989652201673,0.737736570348839,0.75662859723093,0.771559255478691,0.789055051370773,0.813750961854519,0.811740080924694,0.816879715694912,0.867637871627707,0.789335603985916,0.811852274723345,0.661633476178472
2021-11-07,0.795159757165005,0.734989652201673,0.738334416754519,0.756901822846263,0.771834678794755,0.789398316556358,0.814405841526676,0.811740080924694,0.816879715694912,0.867637871627707,0.789335603985916,0.811852274723345,0.661633476178472
2021-11-08,0.796008645856256,0.736110896720449,0.738745330903775,0.756973005309205,0.772198071541374,0.789601895572515,0.814530520541182,0.812492124543223,0.816879715694912,0.867637871627707,0.790693392861252,0.817056033725628,0.665893622384674
2021-11-09,0.795732144167031,0.736753397569996,0.739040885957851,0.757256297131419,0.772510985634538,0.789770119776558,0.814835291465532,0.812859145830458,0.817502981487807,0.867637871627707,0.790693392861252,0.817056033725628,0.665893622384674
2021-11-10,0.798101127024686,0.737216705111573,0.73976840609096,0.75759639112103,0.772879600310825,0.789969770480257,0.815247110028601,0.813376175818198,0.817502981487807,0.867637871627707,0.792741582859641,0.817056033725628,0.665893622384674
2021-11-11,0.798101127024686,0.737216705111573,0.740552342715873,0.758040023238558,0.773262608767607,0.790272135000848,0.815831464197602,0.813376175818198,0.819222955358588,0.867637871627707,0.792741582859641,0.817056033725628,0.665893622384674
2021-11-12,0.798757889799919,0.738035938437143,0.741238603026618,0.758171602942784,0.773584226076884,0.790605117250884,0.815835242349557,0.813845203021775,0.819222955358588,0.871173532940099,0.792741582859641,0.817056033725628,0.665893622384674
2021-11-13,0.798757889799919,0.738035938437143,0.741455848621922,0.758524639198385,0.773991134904067,0.79092227071249,0.815835242349557,0.813845203021775,0.819222955358588,0.871173532940099,0.792741582859641,0.817056033725628,0.665893622384674
2021-11-14,0.798757889799919,0.738035938437143,0.741873499068707,0.758736029542879,0.774284165495805,0.791230412163164,0.816532941077201,0.813845203021775,0.819222955358588,0.871173532940099,0.792741582859641,0.817056033725628,0.665893622384674
2021-11-15,0.799803275224271,0.739197003691024,0.742087376515246,0.75879714579894,0.774454279896903,0.79142428593678,0.816614801036221,0.814240225933104,0.819222955358588,0.871173532940099,0.794168411847283,0.817056033725628,0.671767078396774
2021-11-16,0.79987358836861,0.739790735325668,0.742269256548523,0.759061743236947,0.774773286241347,0.791607414620439,0.816964909784028,0.814519242116043,0.82024175521236,0.872848420737947,0.794168411847283,0.817056033725628,0.671767078396774
2021-11-17,0.800354948354045,0.740041069048036,0.7427727947888,0.759334249837503,0.775159976828022,0.791798515467615,0.817521557505362,0.820612595530541,0.82024175521236,0.872848420737947,0.795641267576462,0.817056033725628,0.671767078396774
2021-11-18,0.800509637271592,0.741689155314961,0.743116345962769,0.759663558605456,0.775504958925172,0.792089095050835,0.817745727854677,0.820978616759772,0.821212611543602,0.872848420737947,0.795641267576462,0.817056033725628,0.671767078396774
2021-11-19,0.800854741785429,0.742051792458803,0.743552521227758,0.760036008260042,0.775841505597473,0.792397583117315,0.818303634959996,0.821288634740815,0.821212611543602,0.872848420737947,0.795641267576462,0.817056033725628,0.671767078396774
2021-11-20,0.800854741785429,0.742051792458803,0.744069532063092,0.760423557224948,0.776213668508022,0.792724672898665,0.818303634959996,0.821288634740815,0.821212611543602,0.872848420737947,0.795641267576462,0.817056033725628,0.671767078396774
2021-11-21,0.800854741785429,0.742051792458803,0.744455185096615,0.760648608850209,0.776485409694191,0.793001734465488,0.818303634959996,0.821288634740815,0.821212611543602,0.872848420737947,0.795641267576462,0.817056033725628,0.671767078396774
2021-11-22,0.801560153655124,0.743155811153967,0.744678324952256,0.760717634268819,0.776640728627897,0.7931609466586,0.818969849088017,0.821288634740815,0.821212611543602,0.875069467600311,0.797252203530251,0.823269805023713,0.680085707083438
2021-11-23,0.801560153655124,0.743597194920038,0.74476505478294,0.760972165499945,0.776921106082363,0.793332405943491,0.819066821654856,0.821288634740815,0.822249390218323,0.875069467600311,0.797252203530251,0.823269805023713,0.680085707083438
2021-11-24,0.799043703229882,0.744531639923016,0.745062293911398,0.761268399588148,0.777252363877181,0.793535638343842,0.819430783626497,0.822299693382216,0.822249390218323,0.876426241697424,0.797252203530251,0.823269805023713,0.680085707083438
2021-11-25,0.799315644066502,0.744425824149397,0.745445420833347,0.761701246484018,0.777589312236381,0.794614191190505,0.81992068399663,0.822753719715744,0.822249390218323,0.876426241697424,0.797252203530251,0.823269805023713,0.680085707083438
2021-11-26,0.799597466750434,0.744796291213063,0.747753444774149,0.763439824215267,0.778407950133517,0.79584849007223,0.820175079561583,0.823152742859086,0.822249390218323,0.878522725966127,0.797252203530251,0.823269805023713,0.680085707083438
2021-11-27,0.799597466750434,0.744796291213063,0.75187774293615,0.766526554653751,0.779913740416671,0.797841068796767,0.820175079561583,0.823152742859086,0.822249390218323,0.878522725966127,0.797252203530251,0.823269805023713,0.680085707083438
2021-11-28,0.799597466750434,0.744796291213063,0.755504397118212,0.769521970215532,0.781781584490119,0.800367551399658,0.822867642521337,0.823152742859086,0.822249390218323,0.878522725966127,0.797252203530251,0.823269805023713,0.680085707083438
2021-11-29,0.800183726345803,0.749687977695019,0.759014850167902,0.771378466370241,0.783078698430013,0.802732626576004,0.818199106089248,0.823638771048721,0.822249390218323,0.878522725966127,0.801647757347019,0.830932724398384,0.685328963952609
2021-11-30,0.800527880682015,0.752659991548161,0.767657519897339,0.773479427549195,0.78451513077553,0.804222843460446,0.81930358584402,0.824122799122349,0.824610608702948,0.886124876874667,0.801647757347019,0.830932724398384,0.685328963952609
2021-12-01,0.801145686174574,0.75414074124285,0.765049730716506,0.775884531978901,0.786320713379863,0.805907280734308,0.820964713320127,0.824651829806129,0.824610608702948,0.886124876874667,0.804179228131544,0.830932724398384,0.685328963952609
2021-12-02,0.802216536359307,0.755961533169889,0.76831009872044,0.778286041334721,0.788189561670554,0.808087378609368,0.822308476032034,0.825699890593654,0.831328694797529,0.886124876874667,0.804179228131544,0.830932724398384,0.685328963952609
2021-12-03,0.803310760913645,0.758548314967697,0.770741902128333,0.780964371379761,0.790849063671189,0.810246795074728,0.823317242603953,0.826346928121831,0.831328694797529,0.886124876874667,0.804179228131544,0.830932724398384,0.685328963952609
2021-12-04,0.803310760913645,0.758548314967697,0.773140866085773,0.783054547337057,0.792752925669781,0.812845835919472,0.823317242603953,0.826346928121831,0.831328694797529,0.886124876874667,0.804179228131544,0.830932724398384,0.685328963952609
2021-12-05,0.803310760913645,0.758548314967697,0.775261957770151,0.785718497086552,0.794936160905595,0.815499295445607,0.825659696815899,0.826346928121831,0.831328694797529,0.886124876874667,0.804179228131544,0.830932724398384,0.685328963952609
2021-12-06,0.807174563212847,0.762995933139644,0.776988976049094,0.78686604467095,0.796265543692923,0.817269231284711,0.826903968192998,0.827024967448112,0.831328694797529,0.894614296719596,0.805997284422249,0.85831284033023,0.708116964960928
2021-12-07,0.808342141479928,0.764501962289764,0.777737547111981,0.78892458397805,0.797320775172697,0.818729985825724,0.82801600425168,0.834725414074016,0.83647063758892,0.901012981338607,0.805997284422249,0.85831284033023,0.708116964960928
2021-12-08,0.809622790884528,0.764784063115418,0.779079754394592,0.791083066339179,0.798677204877791,0.820634755212986,0.829994496491986,0.843353914527043,0.83647063758892,0.901012981338607,0.809679423745196,0.85831284033023,0.708116964960928
2021-12-09,0.810924534232429,0.766752504959136,0.780359650925062,0.792965447025867,0.799974184922053,0.822593596665833,0.831440269306671,0.843353914527043,0.841666516843159,0.901012981338607,0.809679423745196,0.85831284033023,0.708116964960928
2021-12-10,0.812135060528215,0.766808432957878,0.78156881633148,0.794916853131166,0.801256302551107,0.824319050143291,0.833454024298555,0.840488748347404,0.841666516843159,0.901012981338607,0.809679423745196,0.85831284033023,0.708116964960928
2021-12-11,0.812135060528215,0.766808432957878,0.782744300250253,0.796789167610973,0.802691061201217,0.826184883021787,0.833454024298555,0.840488748347404,0.841666516843159,0.901012981338607,0.809679423745196,0.85831284033023,0.708116964960928
2021-12-12,0.812135060528215,0.766808432957878,0.783591389664499,0.798427083273415,0.804280937941584,0.828224254880004,0.835225977565334,0.840488748347404,0.841666516843159,0.901012981338607,0.809679423745196,0.85831284033023,0.708116964960928
2021-12-13,0.816374563060819,0.77014800561875,0.784295332756257,0.798867839331834,0.8050920776833,0.829363234415345,0.837218323029473,0.84435497258841,0.841666516843159,0.9087799381403,0.82139322946632,0.871750395222203,0.754071086463322
2021-12-14,0.817385932126152,0.770919812001388,0.784768557657655,0.800090883467837,0.805753789899141,0.830661310605196,0.838402143975296,0.846323086739031,0.844135608253477,0.9087799381403,0.82139322946632,0.871750395222203,0.754071086463322
2021-12-15,0.818451081245128,0.772045754472059,0.785349563319513,0.800730806619538,0.806690322900699,0.83230184321042,0.840191728617864,0.848630220552792,0.844135608253477,0.915841679027109,0.82139322946632,0.871750395222203,0.754071086463322
2021-12-16,0.819467771305168,0.773739701697952,0.786160445134541,0.80238166454797,0.807607374087727,0.833780737311897,0.841603498064957,0.850677339285679,0.849295529865818,0.915841679027109,0.82139322946632,0.871750395222203,0.754071086463322
2021-12-17,0.820274282074291,0.774312404405068,0.786992377879346,0.805210987696219,0.808530919212932,0.83530480700663,0.84269538397988,0.852439441487606,0.849295529865818,0.915841679027109,0.82139322946632,0.871750395222203,0.754071086463322
2021-12-18,0.820274282074291,0.774312404405068,0.787801575619992,0.806441221979994,0.809499654114107,0.836600225808643,0.843886761229612,0.852439441487606,0.849295529865818,0.915841679027109,0.82139322946632,0.871750395222203,0.754071086463322
2021-12-19,0.820274282074291,0.774312404405068,0.788385949430614,0.80738456936767,0.810781102264999,0.837946943749801,0.845183926734077,0.852439441487606,0.849295529865818,0.915841679027109,0.82139322946632,0.871750395222203,0.754071086463322
2021-12-20,0.82396610222315,0.77598286187149,0.78898042768753,0.80769949784008,0.81152194679965,0.838639366589656,0.845934519589088,0.855631626634345,0.849295529865818,0.923761943636385,0.838952431362622,0.876932197435447,0.754071086463322
2021-12-21,0.825303762285322,0.778054434944887,0.789267562369695,0.806931590058039,0.812481242058734,0.83963600256773,0.846816088378531,0.856990705460917,0.85349658102755,0.923761943636385,0.838952431362622,0.876932197435447,0.759415175195362
2021-12-22,0.826541273625692,0.777825801286031,0.790083496407869,0.80874135025223,0.813538615868628,0.840457366487058,0.848033912691946,0.858566796874219,0.85349658102755,0.928292189350473,0.838952431362622,0.876932197435447,0.759415175195362
2021-12-23,0.827729755800549,0.778574789045181,0.791031630285046,0.809210147886959,0.814480103008588,0.841208598475168,0.848775689859062,0.859827870016461,0.859621366030816,0.928292189350473,0.838952431362622,0.876932197435447,0.759415175195362
2021-12-24,0.828667771153139,0.778574789045181,0.791031630285046,0.809484092517069,0.815990512691063,0.841920200722902,0.849896541605639,0.859827870016461,0.859621366030816,0.928292189350473,0.838952431362622,0.876932197435447,0.759415175195362
2021-12-25,0.828667771153139,0.778574789045181,0.791031630285046,0.809484092517069,0.815623705605815,0.841920200722902,0.849896541605639,0.859827870016461,0.859621366030816,0.928292189350473,0.838952431362622,0.876932197435447,0.759415175195362
2021-12-26,0.828667771153139,0.778574789045181,0.791031630285046,0.809484092517069,0.815657581200839,0.841920200722902,0.849896541605639,0.859827870016461,0.859621366030816,0.928292189350473,0.838952431362622,0.876932197435447,0.759415175195362
2021-12-27,0.828667771153139,0.778574789045181,0.791031630285046,0.809484092517069,0.815770923853755,0.84212597497249,0.849896541605639,0.859827870016461,0.859621366030816,0.928292189350473,0.838952431362622,0.876932197435447,0.759415175195362
2021-12-28,0.828667771153139,0.778574789045181,0.792354470712263,0.809857980201209,0.816281936535211,0.842432152266937,0.850586684029374,0.859827870016461,0.859621366030816,0.928292189350473,0.838952431362622,0.876932197435447,0.768439626922107
2021-12-29,0.829899391392227,0.781913466858075,0.792671076696116,0.81067693803243,0.81702800299953,0.842818859966753,0.85095694292094,0.861474965548002,0.859621366030816,0.929693039442266,0.838952431362622,0.876932197435447,0.768439626922107
2021-12-30,0.83055976484244,0.781913466858075,0.793220926981903,0.81067693803243,0.817767910264754,0.843350684150276,0.851737760991589,0.862392018737087,0.859621366030816,0.929693039442266,0.838952431362622,0.876932197435447,0.768439626922107
2021-12-31,0.831286840762012,0.781913466858075,0.793732885594091,0.81067693803243,0.81852636207508,0.843744901859201,0.852908988097562,0.863205065893822,0.859621366030816,0.929693039442266,0.838952431362622,0.876932197435447,0.768439626922107
2022-01-01,0.831286840762012,0.781913466858075,0.793732885594091,0.81067693803243,0.81900872109118,0.843744901859201,0.852908988097562,0.863205065893822,0.859621366030816,0.929693039442266,0.838952431362622,0.876932197435447,0.768439626922107
2022-01-02,0.831286840762012,0.781913466858075,0.793732885594091,0.81067693803243,0.819100841286343,0.843744901859201,0.852908988097562,0.863205065893822,0.859621366030816,0.929693039442266,0.838952431362622,0.876932197435447,0.768439626922107
2022-01-03,0.831286840762012,0.781913466858075,0.793732885594091,0.81067693803243,0.819479230343803,0.843744901859201,0.853815744566703,0.863205065893822,0.859621366030816,0.931078558753301,0.838952431362622,0.876932197435447,0.768439626922107
2022-01-04,0.832668969137091,0.784413895825825,0.794863741541736,0.813048967782386,0.819982276235125,0.844332993341742,0.854134368714887,0.863384076276424,0.861371304603177,0.932076975850188,0.846017536188526,0.876932197435447,0.768439626922107
2022-01-05,0.833183015232867,0.784948120069807,0.795388330711791,0.813509137239789,0.820641310538316,0.844718083501134,0.854806879762833,0.864728154232945,0.861371304603177,0.932076975850188,0.847582445400778,0.881565079922712,0.779127804386186
2022-01-06,0.833917312502399,0.78438078645057,0.796053540092759,0.814133961081168,0.821322705412135,0.84519294715403,0.855372343172061,0.865378191935132,0.865740158093766,0.932076975850188,0.847582445400778,0.881565079922712,0.779127804386186
2022-01-07,0.83461930373264,0.786162652490485,0.796868632093742,0.814866637139126,0.822044268975706,0.845694615762515,0.856246355657593,0.866114234625608,0.865740158093766,0.932076975850188,0.847582445400778,0.881565079922712,0.779127804386186
2022-01-08,0.83461930373264,0.786162652490485,0.797793188929569,0.814866637139126,0.822798436125791,0.846206798383754,0.857185856110342,0.866114234625608,0.865740158093766,0.932076975850188,0.847582445400778,0.881565079922712,0.779127804386186
2022-01-09,0.83461930373264,0.786162652490485,0.798414612376599,0.814866637139126,0.823539280660443,0.846721522854229,0.857998158780614,0.866114234625608,0.865740158093766,0.932076975850188,0.847582445400778,0.881565079922712,0.779127804386186
2022-01-10,0.837013181244102,0.786492180259072,0.799021721191381,0.816297476545738,0.82395790535547,0.84707691959299,0.85836841767218,0.866114234625608,0.865740158093766,0.934487741124436,0.852461280003682,0.884529246443,0.787169145449962
2022-01-11,0.837568845119907,0.78702036427919,0.799354325881866,0.816814448170539,0.824522944924643,0.847474025766957,0.858736157795776,0.869644439377484,0.866824880291017,0.934487741124436,0.852461280003682,0.884529246443,0.787169145449962
2022-01-12,0.838175628552001,0.787580091690598,0.800028797671936,0.817585232011688,0.825250935478574,0.847904407058207,0.859537126010184,0.87060949535073,0.866824880291017,0.934487741124436,0.853819068879019,0.884529246443,0.787169145449962
2022-01-13,0.838802365714247,0.788197984220698,0.800832101152244,0.818315032010538,0.826062677750637,0.848541717985062,0.860338094224591,0.870608495292727,0.874525808597472,0.936298689601515,0.853819068879019,0.884529246443,0.787169145449962
2022-01-14,0.838802365714247,0.788796413807236,0.80174150131863,0.818972930531668,0.826996131152647,0.849130502699213,0.860930004697502,0.87157255120797,0.874525808597472,0.936298689601515,0.853819068879019,0.884529246443,0.787169145449962
